Snowpiercer Food Master — 179-item master dataset,,,,,,,,,,,,,,,,,,,,,,,,,,,,,,,,,,,,,,,,,,,,,,,,,,,,,,,,,,,,,,,,,,,
"Current master: 179 usable items. Game-facing servings use U.S. customary units (cup, tbsp, tsp, fl oz, oz, lb and gal); original gram/mL values are retained in hidden metric source columns for exact math. Dimensions use feet, yield uses lb/ft², and all canonical timing fields are stored in days; the game converts day counts to readable days/weeks/months/years. Standard Snowpiercer car exterior: 213.3 × 28.9 × 39.0 ft (L × W × H). Grow stacking reserves ~2 ft for overhead/services, leaving ~37 ft usable vertical production height.",,,,,,,,,,,,,,,,,,,,,,,,,,,,,,,,,,,,,,,,,,,,,,,,,,,,,,,,,,,,,,,,,,,
Row,Item,Stage,Group,Category,Type,Serving Qty,Serving Unit,Serving g (metric),Serving mL (metric),Serving State,Calories,Storage Form,Shelf Life d,Shelf Stable?,Dedicated Grow Car Fit,Avg Live Weight lb,Packaged Meat lb / animal,Meat kcal / animal,Offal lb / animal,Fat lb / animal,Bones lb / animal,Hide/Feather/Fleece lb / animal,Other Recoverable lb / animal,Total Accounted lb,Mass Balance %,Propagation,Lifecycle,Growth Form,Reusable?,Harvest,Upstream,Train Fit,Difficulty / Rarity,Biome,District,Air F,Water F,Humidity %,Height ft,Width ft,Length ft,Tier Height ft,Max Layers,Indoor System,Root Zone ft,Shareable Floor %,Start From,Full Maturity d,First Harvest d,Fruit Ripening d,Harvest Every d,Yield lb/ft2,Harvest Window d,Reset d,Flavor,Climate Notes,Note,Timing Notes,Source IDs,Sources,Timing Sources,After Harvest,Full Milk Output Through d,Rebreed Flag d,Red Rebreed Flag d,Zero Milk Output d,Milk Output Curve
97,Beef Brisket,Butchered,Protein,Meat,Beef,3.53,oz,100.0,,Uncooked,250.0,,,,,,,,,,,,,,,slaughter/butchery,animal-derived cut,Non-growing,No,butcher from eligible animal,Cattle,livestock/butchery,Uncommon,,,,,,,,,,,,,0%,Cattle animal,730.0,730.0,,0.0,,0.0,730.0,"rich,beefy,fatty,deep",,Generated by butchery; stock depends on slaughter.,Game slaughter/cut catalog.,GAME_RECIPE_V5 + GAME_MEAT,,,Batch Ends,,,,,
98,Beef Chuck Roast,Butchered,Protein,Meat,Beef,3.53,oz,100.0,,Uncooked,250.0,,,,,,,,,,,,,,,slaughter/butchery,animal-derived cut,Non-growing,No,butcher from eligible animal,Cattle,livestock/butchery,Common,,,,,,,,,,,,,0%,Cattle animal,730.0,730.0,,0.0,,0.0,730.0,"rich,beefy,marbled,savory",,Generated by butchery; stock depends on slaughter.,Game slaughter/cut catalog.,GAME_RECIPE_V5 + GAME_MEAT,,,Batch Ends,,,,,
100,Beef Flank,Butchered,Protein,Meat,Beef,3.53,oz,100.0,,Uncooked,250.0,,,,,,,,,,,,,,,slaughter/butchery,animal-derived cut,Non-growing,No,butcher from eligible animal,Cattle,livestock/butchery,Uncommon,,,,,,,,,,,,,0%,Cattle animal,730.0,730.0,,0.0,,0.0,730.0,"beefy,lean,robust,savory",,Generated by butchery; stock depends on slaughter.,Game slaughter/cut catalog.,GAME_RECIPE_V5 + GAME_MEAT,,,Batch Ends,,,,,
94,Beef Ribeye,Butchered,Protein,Meat,Beef,3.53,oz,100.0,,Uncooked,250.0,,,,,,,,,,,,,,,slaughter/butchery,animal-derived cut,Non-growing,No,butcher from eligible animal,Cattle,livestock/butchery,Uncommon,,,,,,,,,,,,,0%,Cattle animal,730.0,730.0,,0.0,,0.0,730.0,"rich,buttery,beefy,marbled",,Generated by butchery; stock depends on slaughter.,Game slaughter/cut catalog.,GAME_RECIPE_V5 + GAME_MEAT,,,Batch Ends,,,,,
102,Beef Round,Butchered,Protein,Meat,Beef,3.53,oz,100.0,,Uncooked,250.0,,,,,,,,,,,,,,,slaughter/butchery,animal-derived cut,Non-growing,No,butcher from eligible animal,Cattle,livestock/butchery,Common,,,,,,,,,,,,,0%,Cattle animal,730.0,730.0,,0.0,,0.0,730.0,"lean,beefy,mild,firm",,Generated by butchery; stock depends on slaughter.,Game slaughter/cut catalog.,GAME_RECIPE_V5 + GAME_MEAT,,,Batch Ends,,,,,
103,Beef Shank,Butchered,Protein,Meat,Beef,3.53,oz,100.0,,Uncooked,250.0,,,,,,,,,,,,,,,slaughter/butchery,animal-derived cut,Non-growing,No,butcher from eligible animal,Cattle,livestock/butchery,Common,,,,,,,,,,,,,0%,Cattle animal,730.0,730.0,,0.0,,0.0,730.0,"rich,beefy,gelatinous,deep",,Generated by butchery; stock depends on slaughter.,Game slaughter/cut catalog.,GAME_RECIPE_V5 + GAME_MEAT,,,Batch Ends,,,,,
99,Beef Short Ribs,Butchered,Protein,Meat,Beef,3.53,oz,100.0,,Uncooked,250.0,,,,,,,,,,,,,,,slaughter/butchery,animal-derived cut,Non-growing,No,butcher from eligible animal,Cattle,livestock/butchery,Uncommon,,,,,,,,,,,,,0%,Cattle animal,730.0,730.0,,0.0,,0.0,730.0,"rich,fatty,beefy,deep",,Generated by butchery; stock depends on slaughter.,Game slaughter/cut catalog.,GAME_RECIPE_V5 + GAME_MEAT,,,Batch Ends,,,,,
96,Beef Sirloin,Butchered,Protein,Meat,Beef,3.53,oz,100.0,,Uncooked,250.0,,,,,,,,,,,,,,,slaughter/butchery,animal-derived cut,Non-growing,No,butcher from eligible animal,Cattle,livestock/butchery,Uncommon,,,,,,,,,,,,,0%,Cattle animal,730.0,730.0,,0.0,,0.0,730.0,"beefy,lean,balanced,savory",,Generated by butchery; stock depends on slaughter.,Game slaughter/cut catalog.,GAME_RECIPE_V5 + GAME_MEAT,,,Batch Ends,,,,,
101,Beef Skirt/Hanger,Butchered,Protein,Meat,Beef,3.53,oz,100.0,,Uncooked,250.0,,,,,,,,,,,,,,,slaughter/butchery,animal-derived cut,Non-growing,No,butcher from eligible animal,Cattle,livestock/butchery,Rare,,,,,,,,,,,,,0%,Cattle animal,730.0,730.0,,0.0,,0.0,730.0,"robust,beefy,mineral,juicy",,Generated by butchery; stock depends on slaughter.,Game slaughter/cut catalog.,GAME_RECIPE_V5 + GAME_MEAT,,,Batch Ends,,,,,
108,Beef Small Intestine,Butchered,Protein,Meat,Beef,3.53,oz,100.0,,Uncooked,250.0,,,,,,,,,,,,,,,slaughter/butchery,animal-derived cut,Non-growing,No,butcher from eligible animal,Cattle,livestock/butchery,Uncommon,,,,,,,,,,,,,0%,Cattle animal,730.0,730.0,,0.0,,0.0,730.0,"rich,fatty,mineral,savory",,Generated by butchery; stock depends on slaughter.,Game slaughter/cut catalog.,GAME_RECIPE_V5 + GAME_MEAT,,,Batch Ends,,,,,
104,Beef Stew Trim,Butchered,Protein,Meat,Beef,3.53,oz,100.0,,Uncooked,250.0,,,,,,,,,,,,,,,slaughter/butchery,animal-derived cut,Non-growing,No,butcher from eligible animal,Cattle,livestock/butchery,Common,,,,,,,,,,,,,0%,Cattle animal,730.0,730.0,,0.0,,0.0,730.0,"beefy,rich,savory,varied",,Generated by butchery; stock depends on slaughter.,Game slaughter/cut catalog.,GAME_RECIPE_V5 + GAME_MEAT,,,Batch Ends,,,,,
95,Beef Strip,Butchered,Protein,Meat,Beef,3.53,oz,100.0,,Uncooked,250.0,,,,,,,,,,,,,,,slaughter/butchery,animal-derived cut,Non-growing,No,butcher from eligible animal,Cattle,livestock/butchery,Uncommon,,,,,,,,,,,,,0%,Cattle animal,730.0,730.0,,0.0,,0.0,730.0,"beefy,rich,balanced,juicy",,Generated by butchery; stock depends on slaughter.,Game slaughter/cut catalog.,GAME_RECIPE_V5 + GAME_MEAT,,,Batch Ends,,,,,
93,Beef Tenderloin,Butchered,Protein,Meat,Beef,3.53,oz,100.0,,Uncooked,250.0,,,,,,,,,,,,,,,slaughter/butchery,animal-derived cut,Non-growing,No,butcher from eligible animal,Cattle,livestock/butchery,Rare,,,,,,,,,,,,,0%,Cattle animal,730.0,730.0,,0.0,,0.0,730.0,"mild,tender,lean,buttery",,Generated by butchery; stock depends on slaughter.,Game slaughter/cut catalog.,GAME_RECIPE_V5 + GAME_MEAT,,,Batch Ends,,,,,
107,Beef Tongue,Butchered,Protein,Meat,Beef,3.53,oz,100.0,,Uncooked,250.0,,,,,,,,,,,,,,,slaughter/butchery,animal-derived cut,Non-growing,No,butcher from eligible animal,Cattle,livestock/butchery,Rare,,,,,,,,,,,,,0%,Cattle animal,730.0,730.0,,0.0,,0.0,730.0,"rich,beefy,tender,fatty",,Generated by butchery; stock depends on slaughter.,Game slaughter/cut catalog.,GAME_RECIPE_V5 + GAME_MEAT,,,Batch Ends,,,,,
106,Beef Trim,Butchered,Protein,Meat,Beef,3.53,oz,100.0,,Uncooked,250.0,,,,,,,,,,,,,,,slaughter/butchery,animal-derived cut,Non-growing,No,butcher from eligible animal,Cattle,livestock/butchery,Common,,,,,,,,,,,,,0%,Cattle animal,730.0,730.0,,0.0,,0.0,730.0,"beefy,fatty,savory,varied",,Generated by butchery; stock depends on slaughter.,Game slaughter/cut catalog.,GAME_RECIPE_V5 + GAME_MEAT,,,Batch Ends,,,,,
118,Chicken Breast,Butchered,Protein,Meat,Chicken,3.53,oz,100.0,,Uncooked,190.0,,,,,,,,,,,,,,,slaughter/butchery,animal-derived cut,Non-growing,No,butcher from eligible animal,Chickens,livestock/butchery,Common,,,,,,,,,,,,,0%,Chickens animal,140.0,140.0,,0.0,,0.0,140.0,"mild,lean,delicate,clean",,Generated by butchery; stock depends on slaughter.,Game slaughter/cut catalog.,GAME_RECIPE_V5 + GAME_MEAT,,,Batch Ends,,,,,
120,Chicken Drumstick,Butchered,Protein,Meat,Chicken,3.53,oz,100.0,,Uncooked,190.0,,,,,,,,,,,,,,,slaughter/butchery,animal-derived cut,Non-growing,No,butcher from eligible animal,Chickens,livestock/butchery,Common,,,,,,,,,,,,,0%,Chickens animal,140.0,140.0,,0.0,,0.0,140.0,"savory,juicy,rich,dark-meat",,Generated by butchery; stock depends on slaughter.,Game slaughter/cut catalog.,GAME_RECIPE_V5 + GAME_MEAT,,,Batch Ends,,,,,
119,Chicken Thigh,Butchered,Protein,Meat,Chicken,3.53,oz,100.0,,Uncooked,190.0,,,,,,,,,,,,,,,slaughter/butchery,animal-derived cut,Non-growing,No,butcher from eligible animal,Chickens,livestock/butchery,Common,,,,,,,,,,,,,0%,Chickens animal,140.0,140.0,,0.0,,0.0,140.0,"rich,juicy,savory,dark-meat",,Generated by butchery; stock depends on slaughter.,Game slaughter/cut catalog.,GAME_RECIPE_V5 + GAME_MEAT,,,Batch Ends,,,,,
122,Chicken Trim,Butchered,Protein,Meat,Chicken,3.53,oz,100.0,,Uncooked,190.0,,,,,,,,,,,,,,,slaughter/butchery,animal-derived cut,Non-growing,No,butcher from eligible animal,Chickens,livestock/butchery,Common,,,,,,,,,,,,,0%,Chickens animal,140.0,140.0,,0.0,,0.0,140.0,"mild,savory,juicy,varied",,Generated by butchery; stock depends on slaughter.,Game slaughter/cut catalog.,GAME_RECIPE_V5 + GAME_MEAT,,,Batch Ends,,,,,
121,Chicken Wings,Butchered,Protein,Meat,Chicken,3.53,oz,100.0,,Uncooked,190.0,,,,,,,,,,,,,,,slaughter/butchery,animal-derived cut,Non-growing,No,butcher from eligible animal,Chickens,livestock/butchery,Common,,,,,,,,,,,,,0%,Chickens animal,140.0,140.0,,0.0,,0.0,140.0,"savory,rich,juicy,fatty",,Generated by butchery; stock depends on slaughter.,Game slaughter/cut catalog.,GAME_RECIPE_V5 + GAME_MEAT,,,Batch Ends,,,,,
123,Goat Leg,Butchered,Protein,Meat,Goat,3.53,oz,100.0,,Uncooked,143.0,,,,,,,,,,,,,,,slaughter/butchery,animal-derived cut,Non-growing,No,butcher from eligible animal,Goats,livestock/butchery,Uncommon,,,,,,,,,,,,,0%,Goats animal,365.0,365.0,,0.0,,0.0,365.0,"earthy,lean,robust,gamey",,Generated by butchery; stock depends on slaughter.,Game slaughter/cut catalog.,GAME_RECIPE_V5 + GAME_MEAT,,,Batch Ends,,,,,
125,Goat Loin,Butchered,Protein,Meat,Goat,3.53,oz,100.0,,Uncooked,143.0,,,,,,,,,,,,,,,slaughter/butchery,animal-derived cut,Non-growing,No,butcher from eligible animal,Goats,livestock/butchery,Rare,,,,,,,,,,,,,0%,Goats animal,365.0,365.0,,0.0,,0.0,365.0,"mild,lean,tender,earthy",,Generated by butchery; stock depends on slaughter.,Game slaughter/cut catalog.,GAME_RECIPE_V5 + GAME_MEAT,,,Batch Ends,,,,,
126,Goat Ribs,Butchered,Protein,Meat,Goat,3.53,oz,100.0,,Uncooked,143.0,,,,,,,,,,,,,,,slaughter/butchery,animal-derived cut,Non-growing,No,butcher from eligible animal,Goats,livestock/butchery,Rare,,,,,,,,,,,,,0%,Goats animal,365.0,365.0,,0.0,,0.0,365.0,"rich,earthy,gamey,savory",,Generated by butchery; stock depends on slaughter.,Game slaughter/cut catalog.,GAME_RECIPE_V5 + GAME_MEAT,,,Batch Ends,,,,,
124,Goat Shoulder,Butchered,Protein,Meat,Goat,3.53,oz,100.0,,Uncooked,143.0,,,,,,,,,,,,,,,slaughter/butchery,animal-derived cut,Non-growing,No,butcher from eligible animal,Goats,livestock/butchery,Uncommon,,,,,,,,,,,,,0%,Goats animal,365.0,365.0,,0.0,,0.0,365.0,"earthy,rich,robust,gamey",,Generated by butchery; stock depends on slaughter.,Game slaughter/cut catalog.,GAME_RECIPE_V5 + GAME_MEAT,,,Batch Ends,,,,,
127,Goat Stew Trim,Butchered,Protein,Meat,Goat,3.53,oz,100.0,,Uncooked,143.0,,,,,,,,,,,,,,,slaughter/butchery,animal-derived cut,Non-growing,No,butcher from eligible animal,Goats,livestock/butchery,Uncommon,,,,,,,,,,,,,0%,Goats animal,365.0,365.0,,0.0,,0.0,365.0,"earthy,lean,savory,robust",,Generated by butchery; stock depends on slaughter.,Game slaughter/cut catalog.,GAME_RECIPE_V5 + GAME_MEAT,,,Batch Ends,,,,,
105,Ground Beef,Butchered,Protein,Meat,Beef,3.53,oz,100.0,,Uncooked,250.0,,,,,,,,,,,,,,,slaughter/butchery,animal-derived cut,Non-growing,No,butcher from eligible animal,Cattle,livestock/butchery,Common,,,,,,,,,,,,,0%,Cattle animal,730.0,730.0,,0.0,,0.0,730.0,"beefy,rich,juicy,savory",,Generated by butchery; stock depends on slaughter.,Game slaughter/cut catalog.,GAME_RECIPE_V5 + GAME_MEAT,,,Batch Ends,,,,,
128,Lamb Leg,Butchered,Protein,Meat,Lamb,3.53,oz,100.0,,Uncooked,282.0,,,,,,,,,,,,,,,slaughter/butchery,animal-derived cut,Non-growing,No,butcher from eligible animal,Sheep,livestock/butchery,Uncommon,,,,,,,,,,,,,0%,Sheep animal,365.0,365.0,,0.0,,0.0,365.0,"rich,gamey,earthy,savory",,Generated by butchery; stock depends on slaughter.,Game slaughter/cut catalog.,GAME_RECIPE_V5 + GAME_MEAT,,,Batch Ends,,,,,
130,Lamb Loin,Butchered,Protein,Meat,Lamb,3.53,oz,100.0,,Uncooked,282.0,,,,,,,,,,,,,,,slaughter/butchery,animal-derived cut,Non-growing,No,butcher from eligible animal,Sheep,livestock/butchery,Uncommon,,,,,,,,,,,,,0%,Sheep animal,365.0,365.0,,0.0,,0.0,365.0,"mild,rich,tender,gamey",,Generated by butchery; stock depends on slaughter.,Game slaughter/cut catalog.,GAME_RECIPE_V5 + GAME_MEAT,,,Batch Ends,,,,,
131,Lamb Rack/Ribs,Butchered,Protein,Meat,Lamb,3.53,oz,100.0,,Uncooked,282.0,,,,,,,,,,,,,,,slaughter/butchery,animal-derived cut,Non-growing,No,butcher from eligible animal,Sheep,livestock/butchery,Rare,,,,,,,,,,,,,0%,Sheep animal,365.0,365.0,,0.0,,0.0,365.0,"rich,fatty,gamey,savory",,Generated by butchery; stock depends on slaughter.,Game slaughter/cut catalog.,GAME_RECIPE_V5 + GAME_MEAT,,,Batch Ends,,,,,
129,Lamb Shoulder,Butchered,Protein,Meat,Lamb,3.53,oz,100.0,,Uncooked,282.0,,,,,,,,,,,,,,,slaughter/butchery,animal-derived cut,Non-growing,No,butcher from eligible animal,Sheep,livestock/butchery,Uncommon,,,,,,,,,,,,,0%,Sheep animal,365.0,365.0,,0.0,,0.0,365.0,"rich,gamey,juicy,earthy",,Generated by butchery; stock depends on slaughter.,Game slaughter/cut catalog.,GAME_RECIPE_V5 + GAME_MEAT,,,Batch Ends,,,,,
132,Lamb Stew Trim,Butchered,Protein,Meat,Lamb,3.53,oz,100.0,,Uncooked,282.0,,,,,,,,,,,,,,,slaughter/butchery,animal-derived cut,Non-growing,No,butcher from eligible animal,Sheep,livestock/butchery,Uncommon,,,,,,,,,,,,,0%,Sheep animal,365.0,365.0,,0.0,,0.0,365.0,"gamey,rich,savory,varied",,Generated by butchery; stock depends on slaughter.,Game slaughter/cut catalog.,GAME_RECIPE_V5 + GAME_MEAT,,,Batch Ends,,,,,
116,Pork Back Ribs,Butchered,Protein,Meat,Pork,3.53,oz,100.0,,Uncooked,290.0,,,,,,,,,,,,,,,slaughter/butchery,animal-derived cut,Non-growing,No,butcher from eligible animal,Pigs,livestock/butchery,Uncommon,,,,,,,,,,,,,0%,Pigs animal,180.0,180.0,,0.0,,0.0,180.0,"sweet,savory,rich,juicy",,Generated by butchery; stock depends on slaughter.,Game slaughter/cut catalog.,GAME_RECIPE_V5 + GAME_MEAT,,,Batch Ends,,,,,
114,Pork Belly,Butchered,Protein,Meat,Pork,3.53,oz,100.0,,Uncooked,290.0,,,,,,,,,,,,,,,slaughter/butchery,animal-derived cut,Non-growing,No,butcher from eligible animal,Pigs,livestock/butchery,Uncommon,,,,,,,,,,,,,0%,Pigs animal,180.0,180.0,,0.0,,0.0,180.0,"rich,fatty,sweet,savory",,Generated by butchery; stock depends on slaughter.,Game slaughter/cut catalog.,GAME_RECIPE_V5 + GAME_MEAT,,,Batch Ends,,,,,
112,Pork Boston Butt,Butchered,Protein,Meat,Pork,3.53,oz,100.0,,Uncooked,290.0,,,,,,,,,,,,,,,slaughter/butchery,animal-derived cut,Non-growing,No,butcher from eligible animal,Pigs,livestock/butchery,Common,,,,,,,,,,,,,0%,Pigs animal,180.0,180.0,,0.0,,0.0,180.0,"rich,fatty,savory,sweet",,Generated by butchery; stock depends on slaughter.,Game slaughter/cut catalog.,GAME_RECIPE_V5 + GAME_MEAT,,,Batch Ends,,,,,
111,Pork Ham,Butchered,Protein,Meat,Pork,3.53,oz,100.0,,Uncooked,290.0,,,,,,,,,,,,,,,slaughter/butchery,animal-derived cut,Non-growing,No,butcher from eligible animal,Pigs,livestock/butchery,Common,,,,,,,,,,,,,0%,Pigs animal,180.0,180.0,,0.0,,0.0,180.0,"mild,lean,savory,sweet",,Generated by butchery; stock depends on slaughter.,Game slaughter/cut catalog.,GAME_RECIPE_V5 + GAME_MEAT,,,Batch Ends,,,,,
110,Pork Loin/Chops,Butchered,Protein,Meat,Pork,3.53,oz,100.0,,Uncooked,290.0,,,,,,,,,,,,,,,slaughter/butchery,animal-derived cut,Non-growing,No,butcher from eligible animal,Pigs,livestock/butchery,Common,,,,,,,,,,,,,0%,Pigs animal,180.0,180.0,,0.0,,0.0,180.0,"mild,lean,sweet,savory",,Generated by butchery; stock depends on slaughter.,Game slaughter/cut catalog.,GAME_RECIPE_V5 + GAME_MEAT,,,Batch Ends,,,,,
113,Pork Picnic Shoulder,Butchered,Protein,Meat,Pork,3.53,oz,100.0,,Uncooked,290.0,,,,,,,,,,,,,,,slaughter/butchery,animal-derived cut,Non-growing,No,butcher from eligible animal,Pigs,livestock/butchery,Common,,,,,,,,,,,,,0%,Pigs animal,180.0,180.0,,0.0,,0.0,180.0,"rich,savory,sweet,juicy",,Generated by butchery; stock depends on slaughter.,Game slaughter/cut catalog.,GAME_RECIPE_V5 + GAME_MEAT,,,Batch Ends,,,,,
117,Pork Sausage Trim,Butchered,Protein,Meat,Pork,3.53,oz,100.0,,Uncooked,290.0,,,,,,,,,,,,,,,slaughter/butchery,animal-derived cut,Non-growing,No,butcher from eligible animal,Pigs,livestock/butchery,Common,,,,,,,,,,,,,0%,Pigs animal,180.0,180.0,,0.0,,0.0,180.0,"savory,fatty,rich,varied",,Generated by butchery; stock depends on slaughter.,Game slaughter/cut catalog.,GAME_RECIPE_V5 + GAME_MEAT,,,Batch Ends,,,,,
115,Pork Spare Ribs,Butchered,Protein,Meat,Pork,3.53,oz,100.0,,Uncooked,290.0,,,,,,,,,,,,,,,slaughter/butchery,animal-derived cut,Non-growing,No,butcher from eligible animal,Pigs,livestock/butchery,Uncommon,,,,,,,,,,,,,0%,Pigs animal,180.0,180.0,,0.0,,0.0,180.0,"rich,fatty,sweet,savory",,Generated by butchery; stock depends on slaughter.,Game slaughter/cut catalog.,GAME_RECIPE_V5 + GAME_MEAT,,,Batch Ends,,,,,
109,Pork Tenderloin,Butchered,Protein,Meat,Pork,3.53,oz,100.0,,Uncooked,290.0,,,,,,,,,,,,,,,slaughter/butchery,animal-derived cut,Non-growing,No,butcher from eligible animal,Pigs,livestock/butchery,Rare,,,,,,,,,,,,,0%,Pigs animal,180.0,180.0,,0.0,,0.0,180.0,"mild,lean,tender,delicate",,Generated by butchery; stock depends on slaughter.,Game slaughter/cut catalog.,GAME_RECIPE_V5 + GAME_MEAT,,,Batch Ends,,,,,
134,Cattle Bones,Byproduct,Input,Bone,Beef,,,,,Raw,,,,,,,,,,,,,,,,slaughter/butchery,animal-derived byproduct,Non-growing,No,collect at slaughter,Cattle,livestock/butchery,Common,,,,,,,,,,,,,0%,Cattle animal,730.0,730.0,,0.0,,0.0,730.0,,,Butcher byproduct; explicit upstream for Beef Broth.,Generated at slaughter.,GAME_MEAT + GAME_DATA,,,Batch Ends,,,,,
136,Chickens Bones,Byproduct,Input,Bone,Chicken,,,,,Raw,,,,,,,,,,,,,,,,slaughter/butchery,animal-derived byproduct,Non-growing,No,collect at slaughter,Chickens,livestock/butchery,Common,,,,,,,,,,,,,0%,Chickens animal,140.0,140.0,,0.0,,0.0,140.0,,,Butcher byproduct; explicit upstream for Chicken Broth.,Generated at slaughter.,GAME_MEAT + GAME_DATA,,,Batch Ends,,,,,
135,Pigs Bones,Byproduct,Input,Bone,Pork,,,,,Raw,,,,,,,,,,,,,,,,slaughter/butchery,animal-derived byproduct,Non-growing,No,collect at slaughter,Pigs,livestock/butchery,Common,,,,,,,,,,,,,0%,Pigs animal,180.0,180.0,,0.0,,0.0,180.0,,,Butcher byproduct; explicit upstream for Pork Broth.,Generated at slaughter.,GAME_MEAT + GAME_DATA,,,Batch Ends,,,,,
133,Pigs Fat,Byproduct,Input,Animal Fat,Pork,,,,,Raw,,,,,,,,,,,,,,,,slaughter/butchery,animal-derived byproduct,Non-growing,No,collect at slaughter,Pigs,livestock/butchery,Common,,,,,,,,,,,,,0%,Pigs animal,180.0,180.0,,0.0,,0.0,180.0,,,Butcher byproduct used upstream for Rendered Pork Fat.,Generated at slaughter.,GAME_MEAT + GAME_DATA,,,Batch Ends,,,,,
90,Fish Sauce,Input,Protein,Condiment,,,,,,Raw,,,,,,,,,,,,,,,,supply/utility,finite or system supply,Non-growing,No,consume as recipe/process input,Stored ingredient,processing input,Uncommon,,,,,,,,,,,,,0%,existing supply,0.0,0.0,,0.0,,0.0,0.0,,,Required game input; no producer modeled.,,GAME_DATA / GAME_RECIPE,,,N/A,,,,,
92,Food-grade Calcium Hydroxide,Input,Input,Processing Input,Nixtamalization Mineral,,,,,Raw,,,,,,,,,,,,,,,,supply/utility,finite or system supply,Non-growing,No,consume as recipe/process input,Stored mineral input,processing input,Common,,,,,,,,,,,,,0%,existing supply,0.0,0.0,,0.0,,0.0,0.0,,,Required game input; no producer modeled.,,GAME_DATA / GAME_RECIPE,,,N/A,,,,,
89,Kansui Salts,Input,Input,Processing Input,Alkaline Salts,,,,,Raw,,,,,,,,,,,,,,,,supply/utility,finite or system supply,Non-growing,No,consume as recipe/process input,Stored mineral input,processing input,Common,,,,,,,,,,,,,0%,existing supply,0.0,0.0,,0.0,,0.0,0.0,,,Required game input; no producer modeled.,,GAME_DATA / GAME_RECIPE,,,N/A,,,,,
88,Koji Starter,Input,Input,Processing Input,Fermentation Culture,,,,,Raw,,,,,,,,,,,,,,,,supply/utility,finite or system supply,Non-growing,No,consume as recipe/process input,Maintained/purchased culture,processing input,Uncommon,,,,,,,,,,,,,0%,existing supply,0.0,0.0,,0.0,,0.0,0.0,,,Required game input; no producer modeled.,,GAME_DATA / GAME_RECIPE,,,N/A,,,,,
86,Salt,Input,Input,Seasoning,,,,,,Raw,,Dry sealed,3640.0,Yes,No,,,,,,,,,,,supply/utility,finite or system supply,Non-growing,No,consume as recipe/process input,Mine/trade reserve,processing input,Common,,,,,,,,,,,,,0%,existing supply,0.0,0.0,,0.0,,0.0,0.0,,,Required game input; no producer modeled.,,GAME_DATA / GAME_RECIPE,,,N/A,,,,,
61,Cow Milk,Primary,Dairy,Milk,Cow,3.38,fl oz,100.0,100.0,Fresh,61.0,,,,,,,,,,,,,,,lactating cow,lactation cycle,Animal Product,Yes,milk lactating cows,Cattle,livestock,Uncommon,,temperate,,,,,,,,,Livestock,,0%,bred cow,724.3,724.3,,1.0,,730.0,365.0,,,"Game kcal density is 2,309 kcal/gal.",Cow-specific DIM rule: 100% modeled milk output through day 305; days 306–600 decline exponentially to 50%; days 601–730 decline linearly from 50% to 0%; rebreed flag at day 305 and red/urgent rebreed flag at day 600. Pregnancy can still trigger the normal pre-calving dry period.,"GAME_LIFE,GAME_DAIRY_CURVE",https://github.com/MSheehy90/living-food-chain-sim/blob/main/snowpiercer/snowpiercer-production-formula-v1.js,https://github.com/MSheehy90/living-food-chain-sim/blob/main/snowpiercer/snowpiercer-livestock-fertility-v8.js,Continues,305,305,600,730,0–305 d = 100%; 306–600 d = exponential decline to 50%; 601–730 d = linear decline from 50% to 0%; >=730 d = 0%
60,Eggs,Primary,Protein,Egg,,1.,egg,50.0,,Fresh,72.0,,,,,,,,,,,,,,,laying hens,continuous poultry output,Animal Product,Yes,collect eggs,Chickens,livestock,Common,,temperate,,,,,,,,,Livestock,,0%,hen raised to laying age,140.0,140.0,,1.0,,0.0,1.0,,,"Game tracks eggs as individual units, not bulk weight.",Game poultry model starts laying at ~140 d and plans ~6 eggs/hen/week.,GAME_LIFE,,,Continues,,,,,
145,Flies,Primary,Protein,Insect,,,,,,Raw,,,,,,,,,,,,,,,,eggs → larvae → pupae → adults,short-lived breeder culture,Insect / Worm,Yes,collect egg clutches; retain breeder adults,organic waste/feed substrate,enclosed insect-rearing rack,Common,Warm Subtropical,warm,77~86,,50~90,,,,,,Insect Rack,,0%,BSF eggs or breeder colony,32.0,35.0,,1.0,,7.0,32.0,,"Warm, humid, brightly lit breeder room; mating is light-dependent.",Black soldier flies are the train baseline instead of houseflies because the larvae efficiently convert organic waste into feed biomass.,"UF/IFAS reports eggs hatch in about 4 days, larvae develop in about 14 days, and pupation takes about 14 days; ~35 days to the next egg-producing adult generation is the planning value.","UF_BSF,BSF_TEMP",https://ask.ifas.ufl.edu/publication/IN830 | https://pmc.ncbi.nlm.nih.gov/articles/PMC6211680/,https://ask.ifas.ufl.edu/publication/IN830,Continues,,,,,
62,Goat Milk,Primary,Dairy,Milk,Goat,3.38,fl oz,100.0,100.0,Fresh,69.0,,,,,,,,,,,,,,,lactating doe,lactation cycle,Animal Product,Yes,milk lactating goats,Goats,livestock,Uncommon,,temperate,,,,,,,,,Livestock,,0%,bred doe,363.1,363.1,,1.0,,284.0,365.0,,,"Game kcal density is 2,612 kcal/gal.","Game livestock lifecycle models goat breeding, gestation and lactation.",GAME_LIFE,,,Continues,,,,,
144,Honey,Primary,Fat,Sweetener,,1.,tbsp,21.0,15.0,Fresh,64.0,Sealed honey,1820.0,Yes,No,,,,,,,,,,,honey bee colony + floral nectar,continuous stored hive product,Animal Product,Yes,harvest only capped surplus comb; extract/filter,Bees + flowering crops,food output from pollinator hive,Uncommon,,temperate,,,,,,,,,Hive,,0%,established honey bee colony,60.0,60.0,,30.0,,180.0,365.0,"sweet,floral,rich",,Only surplus honey is removed; enough stores must remain for colony survival.,"Controlled-train planning assumes mature bees plus continuous flowering. New first-year colonies may produce little or no surplus honey, so startup yield can be lower.","USDA_FDC,MU_BEE",https://fdc.nal.usda.gov/ | https://extension.missouri.edu/publications/g7600 | https://extension.missouri.edu/publications/g7601,https://extension.missouri.edu/publications/g7601,Continues,,,,,
32,Lobster,Primary,Protein,Seafood,Crustacean,3.,oz,85.0,,Uncooked,76.0,,,,,,,,,,,,,,,sexual reproduction; females carry eggs ~9–12 months before larvae hatch,"long-lived, slow-growing crustacean",Aquaculture,No,harvest legal/target-size animals; retain breeders,,aquaculture,Rare,Cold Marine,cool,,50~64,,,,,,,Aquaculture,,0%,larvae/juveniles,1825.0,1825.0,,0.0,,0.0,0.0,"sweet,briny,rich,delicate",Larval/egg development may be held near ~61°F; adult grow-out can run cooler.,,Extremely slow replenishment compared with shrimp/fish; poor candidate for primary calorie supply.,"NOAA_LOBSTER,USDA_FDC,USDA_MyPlate",https://www.fisheries.noaa.gov/species/american-lobster | https://fdc.nal.usda.gov/ | https://www.ars.usda.gov/nea/bhnrc/fsrg | https://repository.library.noaa.gov/view/noaa/4550/noaa_4550_DS1.pdf,https://www.fisheries.noaa.gov/species/american-lobster,Cohort Ends / Breeders Remain,,,,,
146,Maggots,Primary,Protein,Insect,,,,,,Raw,,,,,,,,,,,,,,,,eggs from BSF breeders,larval grow-out,Insect / Worm,No,harvest larvae before pupation for livestock/fish feed,Flies + organic waste,stacked larval trays,Common,Warm Subtropical,warm,77~86,,50~90,,,,,,Insect Rack,,0%,BSF eggs,18.0,14.0,,1.0,,4.0,18.0,,Warm larval trays; avoid overheating from dense larvae and decomposing substrate.,"Maggots are modeled specifically as black soldier fly larvae, not disease-associated housefly larvae.",Eggs hatch in about 4 days and the larval stage takes about 14 days. Feed harvest can begin before late-larval maturity; retain a small fraction to pupate and replenish Flies.,"UF_BSF,BSF_TEMP",https://ask.ifas.ufl.edu/publication/IN830 | https://pubmed.ncbi.nlm.nih.gov/19508804/,https://ask.ifas.ufl.edu/publication/IN830,Cohort Ends / Breeders Remain,,,,,
30,Salmon,Primary,Protein,Seafood,Fish,3.,oz,85.0,,Uncooked,177.0,,,,,,,,,,,,,,,sexual spawning; eggs → alevins → fry/parr → smolt → adult,multi-year fish,Aquaculture,No,harvest market-size cohort; retain breeders/broodstock,,aquaculture,Rare,Cold Marine,cool,,59~66,,,,,,,Aquaculture,,0%,eggs/alevins or stocked smolts,1095.0,547.9,,0.0,,0.0,0.0,"rich,oily,marine,savory",Juvenile feeding/growth target; spawning/incubation use colder stage-specific water.,,"Food harvest is a cohort cycle, not an individual animal 'regrowing'.","NOAA_SALMON,USDA_FDC,USDA_MyPlate",https://www.fisheries.noaa.gov/species/atlantic-salmon | https://fdc.nal.usda.gov/ | https://www.ars.usda.gov/nea/bhnrc/fsrg | https://repository.library.noaa.gov/view/noaa/4550/noaa_4550_DS1.pdf,https://www.fisheries.noaa.gov/species/atlantic-salmon,Cohort Ends / Breeders Remain,,,,,
31,Shrimp,Primary,Protein,Seafood,Crustacean,3.,oz,85.0,,Uncooked,72.0,,,,,,,,,,,,,,,sexual spawning; eggs → nauplii/larvae → postlarvae → juvenile → adult,~annual natural; shorter grow-out,Aquaculture,No,batch or partial harvest of grow-out cohort,,aquaculture,Uncommon,Warm Marine,warm,,79~86,,,,,,,Aquaculture,,0%,postlarvae,91.3,90.0,,0.0,,7.0,90.0,"sweet,briny,delicate,savory",,,Stagger tanks/cohorts if daily supply is required.,"NOAA_SHRIMP,USDA_FDC,USDA_MyPlate",https://spo.nmfs.noaa.gov/sites/default/files/legacy-pdfs/leaflet480.pdf | https://fdc.nal.usda.gov/ | https://www.ars.usda.gov/nea/bhnrc/fsrg | https://www.fao.org/4/ad505e/ad505e06.htm,https://spo.nmfs.noaa.gov/sites/default/files/legacy-pdfs/leaflet480.pdf,Cohort Ends / Breeders Remain,,,,,
72,Beef Broth,Processed,Protein,Broth,Beef,3.38,fl oz,100.0,100.0,Processed,13.0,,,,,,,,,,,,,,,stock simmering,batch,Non-growing,No,make broth,Cattle Bones,processing,Common,,,,,,,,,,,,,0%,Cattle Bones + Water + aromatics,1.0,1.0,,0.0,,0.0,0.0,,,Game kcal density is 492 kcal/gal.,Explicit pho broth BOM uses cattle bones plus aromatics/spices.,GAME_DATA_V3,,,Batch Ends,,,,,
63,Butter,Processed,Fat,Dairy Fat,,3.53,oz,100.0,,Processed,717.0,,,,,,,,,,,,,,,processing,batch,Non-growing,No,churn/separate butter,Cow Milk,processing,Common,,,,,,,,,,,,,0%,Cow Milk,0.0,0.0,,0.0,,0.0,0.0,,,Game recipe uses 2.64 gal cow milk → 0.96 lb butter + 2.46 gal skim milk/buttermilk.,Game process route.,GAME_RECIPE_V5,,,Batch Ends,,,,,
75,Chashu,Processed,Protein,Meat,Pork,3.53,oz,100.0,,Processed,290.0,,,,,,,,,,,,,,,braise,batch,Non-growing,No,braise pork belly,Pork Belly,processing,Uncommon,,,,,,,,,,,,,0%,Pork Belly + Soy Sauce + Sugar + aromatics,1.0,1.0,,0.0,,0.0,0.0,,,Uses pork kcal baseline in game.,Game route: 1 pork belly → 0.90 chashu plus cooking loss.,GAME_DATA_V3,,,Batch Ends,,,,,
64,Cheese,Processed,Dairy,Cheese,,3.53,oz,100.0,,Processed,402.0,,,,,,,,,,,,,,,processing,batch,Non-growing,No,make cheese,Cow Milk,processing,Common,,,,,,,,,,,,,0%,Cow Milk,1.0,1.0,,0.0,,0.0,0.0,,,Game mass balance: 10 cow milk → 1 cheese + 9 whey.,Explicit milk_to_cheese process.,GAME_DATA_V3,,,Batch Ends,,,,,
73,Chicken Broth,Processed,Protein,Broth,Chicken,3.38,fl oz,100.0,100.0,Processed,13.0,,,,,,,,,,,,,,,stock simmering,batch,Non-growing,No,make broth,Chickens Bones,processing,Common,,,,,,,,,,,,,0%,Chickens Bones + Water + aromatics,1.0,1.0,,0.0,,0.0,0.0,,,Game kcal density is 492 kcal/gal.,Explicit chicken pho broth BOM.,GAME_DATA_V3,,,Batch Ends,,,,,
58,Chocolate,Processed,Fat,Confectionery,,0.99,oz,28.0,,Processed,155.0,,,,,,,,,,,,,,,,,Non-growing,No,,Cocoa Beans,not grow crop,Uncommon,Processing / no grow climate,,,,,,,,,,,,0%,fermented/dried cocoa beans + other ingredients,1.0,1.0,,0.0,,0.0,0.0,"sweet,cocoa,rich,roasted",Processed derivative; climate belongs to upstream Cocoa beans.,"Calories vary by cocoa %, sugar, and milk; 155 kcal/oz is a practical baseline.",Upstream cacao biology remains the limiting long-cycle step.,"USDA_FDC,USDA_MyPlate",https://fdc.nal.usda.gov/ | https://www.ars.usda.gov/nea/bhnrc/fsrg,https://edis.ifas.ufl.edu/publication/HS307,Batch Ends,,,,,
55,Cocoa Beans,Processed,Fat,Cocoa,,0.25,cup,28.0,60.0,Processed,165.0,,,,,,,,,,,,,,,,,Non-growing,No,,Cacao,not grow crop,Uncommon,Processing / no grow climate,,,,,,,,,,,,0%,fresh cacao seeds from ripe pods,10.0,10.0,,0.0,,7.0,0.0,"bitter,chocolate,roasted,fruity",Processed derivative; climate belongs to upstream Cacao.,,Typical sequence is fermentation followed by drying; upstream cacao tree carries the 5–7 mo pod cycle.,"UF_CACAO,USDA_FDC,USDA_MyPlate",https://edis.ifas.ufl.edu/publication/HS307 | https://fdc.nal.usda.gov/ | https://www.ars.usda.gov/nea/bhnrc/fsrg,https://edis.ifas.ufl.edu/publication/HS307,Batch Ends,,,,,
76,Corn Tortillas,Processed,Grain,Tortilla,Corn,1.83,oz,52.0,,Processed,110.0,,,,,,,,,,,,,,,nixtamalization + griddle,batch,Non-growing,No,make tortillas,Corn + Food-grade Calcium Hydroxide,processing,Common,,,,,,,,,,,,,0%,Corn + Food-grade Calcium Hydroxide + Water + Salt,1.0,1.0,,0.0,,0.0,0.0,,,Current Mexican restaurant production chain.,Game process: corn nixtamalization → tortillas.,GAME_RECIPE_V5,,,Batch Ends,,,,,
77,Flour Tortillas,Processed,Grain,Tortilla,Wheat,1.59,oz,45.0,,Processed,140.0,,,,,,,,,,,,,,,dough + griddle,batch,Non-growing,No,make tortillas,Wheat Flour + Rendered Pork Fat,processing,Common,,,,,,,,,,,,,0%,Wheat Flour + Water + Salt + Rendered Pork Fat,0.0,0.0,,0.0,,0.0,0.0,,,Current Mexican restaurant production chain.,Explicit game process.,GAME_RECIPE_V5,,,Batch Ends,,,,,
57,Menma,Processed,Vegetable,Preserved Vegetable,,0.25,cup,30.0,60.0,Processed,20.0,,,,,,,,,,,,,,,,,Non-growing,No,,Bamboo Shoots,not grow crop,Uncommon,Processing / no grow climate,,,,,,,,,,,,0%,harvested bamboo shoots,3.0,3.0,,0.0,,0.0,0.0,"savory,salty,fermented,crisp",Processed derivative; climate belongs to upstream Bamboo shoots.,Calories vary by brine/seasoning formulation; 20 kcal is a game baseline.,Traditional formulations vary widely; use recipe-specific fermentation time if modeled in detail.,"USDA_FDC,USDA_MyPlate",https://fdc.nal.usda.gov/ | https://www.ars.usda.gov/nea/bhnrc/fsrg,https://fdc.nal.usda.gov/,Batch Ends,,,,,
53,Milled Rice,Processed,Grain,Processed Grain,,0.25,cup,50.0,60.0,Uncooked,185.0,,,,,,,,,,,,,,,,,Non-growing,No,,Rice,not grow crop,Common,Processing / no grow climate,,,,,,,,,,,,0%,dried paddy rice,0.0,1.0,,0.0,,0.0,0.0,"mild,starchy,neutral",Processed derivative; climate belongs to upstream Paddy rice.,,Do not apply crop maturity timing; upstream paddy carries the biological cycle.,"USDA_FDC,USDA_MyPlate",https://fdc.nal.usda.gov/ | https://www.ars.usda.gov/nea/bhnrc/fsrg,https://www.knowledgebank.irri.org/step-by-step-production/pre-planting/crop-calendar,Batch Ends,,,,,
70,Miso,Processed,Vegetable,Condiment,,1.,tbsp,17.0,15.0,Processed,34.0,,,,,,,,,,,,,,,fermentation,fermented batch,Non-growing,No,age miso,Soybeans + Rice Koji + Salt,processing,Uncommon,,,,,,,,,,,,,0%,Soybeans + Rice Koji + Salt,180.0,180.0,,0.0,,1.0,0.0,,,Game standard uses a 180-day miso process.,Explicit process catalog route.,GAME_DATA_V3,,,Batch Ends,,,,,
52,Mung Bean Sprouts,Processed,Vegetable,Sprout,,1.5,cup,100.0,360.0,Fresh,30.0,,,,,,,,,,,,,,,germinate mung beans,short processing/germination batch,Non-growing,No,harvest whole sprout batch,Mung Beans,not grow crop,Common,Sprout Room,temperate,70~80,,80~95,,,,,,,,0%,mung bean seed,3.0,3.0,,0.0,,1.0,0.0,"crisp,fresh,mild,green",,,Daily staggered trays can make this effectively continuous.,"USDA_FDC,USDA_MyPlate",https://fdc.nal.usda.gov/ | https://www.ars.usda.gov/nea/bhnrc/fsrg,https://extension.umn.edu/vegetable-growing-guides-farmers/crop-and-field-planning-tools-vegetable-farmers,Batch Ends,,,,,
56,Nori,Processed,Vegetable,Sea Vegetable,,0.11,oz,3.0,,Dried,9.0,,,,,,,,,,,,,,,,,Non-growing,No,,Seaweed,not grow crop,Uncommon,Processing / no grow climate,,,,,,,,,,,,0%,fresh harvested seaweed,0.0,0.0,,0.0,,0.0,0.0,"briny,toasty,umami,marine",Processed derivative; climate belongs to upstream Seaweed.,,Biological grow/replenishment timing belongs to Seaweed.,"USDA_FDC,USDA_MyPlate",https://fdc.nal.usda.gov/ | https://www.ars.usda.gov/nea/bhnrc/fsrg,https://repository.library.noaa.gov/view/noaa/4550/noaa_4550_DS1.pdf,Batch Ends,,,,,
74,Pork Broth,Processed,Protein,Broth,Pork,3.38,fl oz,100.0,100.0,Processed,16.0,,,,,,,,,,,,,,,stock simmering,batch,Non-growing,No,make broth,Pigs Bones,processing,Common,,,,,,,,,,,,,0%,Pigs Bones + Water + aromatics,1.0,1.0,,0.0,,0.0,0.0,,,Game kcal density is 606 kcal/gal.,Explicit ramen pork-broth BOM.,GAME_DATA_V3,,,Batch Ends,,,,,
68,Ramen Noodles,Processed,Grain,Noodles,Wheat,3.53,oz,100.0,,Processed,336.0,,,,,,,,,,,,,,,alkaline noodle making,batch,Non-growing,No,make fresh ramen noodles,Wheat Flour,processing,Common,,,,,,,,,,,,,0%,Wheat Flour + Water + Salt + Kansui Salts,0.0,0.0,,0.0,,0.0,0.0,,,,Game route explicitly consumes kansui salts.,GAME_DATA_V3,,,Batch Ends,,,,,
78,Rendered Pork Fat,Processed,Fat,Animal Fat,Pork,1.,tbsp,12.8,15.0,Processed,115.0,,,,,,,,,,,,,,,rendering,batch,Non-growing,No,render pork trim fat,Pigs Fat,processing,Common,,,,,,,,,,,,,0%,Pigs Fat,0.0,0.0,,0.0,,0.0,0.0,,,Game recovery baseline: 1.0 pork trim fat → 0.75 rendered pork fat.,Explicit rendering process.,GAME_RECIPE_V5,,,Batch Ends,,,,,
66,Rice Flour,Processed,Grain,Flour,,0.25,cup,40.0,60.0,Uncooked,146.0,Dry flour,364.0,Yes,No,,,,,,,,,,,grinding,batch,Non-growing,No,grind milled rice,Milled Rice,processing,Common,,,,,,,,,,,,,0%,Milled Rice,0.0,0.0,,0.0,,0.0,0.0,,,,Game route: 1 milled rice → 0.98 rice flour + 0.02 grinding loss.,GAME_DATA_V3,,,Batch Ends,,,,,
69,Rice Koji,Processed,Grain,Fermentation,Koji,,,,,Processed,,,,,,,,,,,,,,,,koji cultivation,fermentation batch,Non-growing,No,culture koji on rice,Milled Rice + Koji Starter,processing,Uncommon,,,,,,,,,,,,,0%,Milled Rice + Koji Starter,2.0,2.0,,0.0,,0.0,0.0,,,Used upstream for miso.,Game rice_koji process is 2 days.,GAME_DATA_V3,,,Batch Ends,,,,,
67,Rice Noodles,Processed,Grain,Noodles,Rice,3.53,oz,100.0,,Processed,364.0,,,,,,,,,,,,,,,noodle making,batch,Non-growing,No,make fresh rice noodles,Rice Flour,processing,Common,,,,,,,,,,,,,0%,Rice Flour + Water + Salt,0.0,0.0,,0.0,,0.0,0.0,,,,Game route: 0.80 rice flour + water + salt → 1.00 rice noodles.,GAME_DATA_V3,,,Batch Ends,,,,,
79,Salmon Fillet,Processed,Protein,Seafood,Fish,3.,oz,85.0,,Uncooked,153.0,,,,,,,,,,,,,,,aquaculture harvest + filleting,cohort harvest,Non-growing,No,fillet harvested salmon,Salmon,aquaculture/processing,Uncommon,,,,,,,,,,,,,0%,market-size Salmon,730.0,730.0,,0.0,,0.0,730.0,,,Game aquaculture uses 57% skin-off fillet yield.,Restaurant and supply inventory use Salmon fillet as the edible output.,GAME_AQUA + GAME_LIFE,,,Batch Ends,,,,,
71,Soy Sauce,Processed,Vegetable,Condiment,,1.,tbsp,16.0,15.0,Processed,9.0,,,,,,,,,,,,,,,fermentation,fermented batch,Non-growing,No,ferment/press soy sauce,Soybeans + Wheat + Salt + Koji Starter,processing,Common,,,,,,,,,,,,,0%,Soybeans + Wheat + Salt + Koji Starter,240.0,240.0,,0.0,,1.0,0.0,,,Game model uses ~8-month/240-day process.,Explicit process catalog route.,GAME_DATA_V3,,,Batch Ends,,,,,
81,Bread,Stocked,Grain,Bread,,3.53,oz,100.0,,Stocked,265.0,,,,,,,,,,,,,,,not modeled,stocked supply,Stocked / Input,No,use from cold storage,Wheat Flour,stocked only,Common,,,,,,,,,,,,,0%,current stock,0.0,0.0,,0.0,,0.0,0.0,,,Current Year 7 stock item; bakery demand exists but bread production is not yet calibrated.,No renewable producer currently modeled.,GAME_LIFE,,,N/A,,,,,
41,Dates,Primary,Fruit,Palm Fruit,,1.69,oz,48.0,,Dried,133.0,,,,,,,,,,,,,,,offshoots/tissue culture preferred for true-to-type fruit; seed for breeding,long-lived perennial palm,Palm,Yes,harvest fruit bunches; palm remains,,can't grow,Rare,Hot Dry,warm,77~95,,20~45,60.0,25.0,25.0,,0,Not Growable,,0%,offshoot/tissue-culture palm,3650.0,1460.0,182.6,0.0,,1.0,365.0,"caramel,honeyed,rich,fruity",,"Dates can begin fruiting well before mature 79-ft height. FAO reports fruiting within 2–4 years; the train model uses an early productive under-20-ft stage, then replaces the palm as it approaches the ceiling.","Date palms cannot be topped to control height; this is an early-lifecycle/replace-by-height crop, not permanent dwarfing.","UF_DATE,USDA_FDC,USDA_MyPlate,FAO_DATE_EARLY,UF_PALM_PRUNING",https://ask.ifas.ufl.edu/publication/FR314 | https://fdc.nal.usda.gov/ | https://www.ars.usda.gov/nea/bhnrc/fsrg | https://edis.ifas.ufl.edu/ | https://ecocrop.apps.fao.org/ecocrop/srv/en/cropView?id=1673 | https://blogs.ifas.ufl.edu/leonco/2013/04/24/pruning-palms/,https://ecocrop.apps.fao.org/ecocrop/srv/en/cropView?id=1673,Continues,,,,,
29,Bamboo Shoots,Primary,Vegetable,Shoot Vegetable,,0.5,cup,75.0,120.0,Uncooked,20.0,,,,,,,,,,,,,,,rhizome/division; culms arise from established rhizome network,perennial colony,Cane / Shoot,Yes,cut young edible shoots before culm elongation,,can't grow,Uncommon,Tropical Wet,warm,70~85,,70~90,65.0,10.0,10.0,,0,Not Growable,,0%,rhizome/division,1095.0,365.0,,1.0,,28.0,365.0,"mild,crisp,earthy,slightly sweet",,"Edible shoots are harvested while young, before culm elongation. Train model uses a compact edible-shoot bamboo with mature culms at or below the 20-ft ceiling; production shoots are cut before elongation.",Only young shoots are harvested; do not let production shoots elongate into full culms.,"CTAHR_BAMBOO,USDA_FDC,USDA_MyPlate,UGA_BAMBOO_COMPACT",https://www.ctahr.hawaii.edu/oc/freepubs/pdf/OF-18.pdf | https://fdc.nal.usda.gov/ | https://www.ars.usda.gov/nea/bhnrc/fsrg | https://edis.ifas.ufl.edu/publication/HS1499 | https://extension.uga.edu/publications/detail.html?number=B1357,https://www.ctahr.hawaii.edu/oc/freepubs/pdf/OF-18.pdf,Regrows,,,,,
27,Cloves,Primary,Vegetable,Spice,,0.33,tsp,1.0,1.7,Dried,3.0,,,,,,,,,,,,,,,fresh seed or softwood cutting,perennial woody tree,Tree,Yes,hand-pick flower buds before opening; dry,,fits standard car,Rare,Tropical Wet,warm,70~85,,70~90,30.0,20.0,20.0,30.00,1,Container Orchard,2.50,50%,fresh seed or cutting,3650.0,1825.0,,0.0,0.020,365.0,273.9,"warm,intense,sweet,numbing",,Conservative 30-ft clove-tree production envelope now fits within the standard car's ~37-ft usable vertical grow height and 28.9-ft exterior width.,"Slow tree crop, but the former 20-ft ceiling is no longer the physical constraint in the taller standard car.","MO_CLOVE,USDA_FDC,USDA_MyPlate,USDA_ARS_CLOVE",https://www.missouribotanicalgarden.org/PlantFinder/PlantFinderDetails.aspx?taxonid=282873 | https://fdc.nal.usda.gov/ | https://www.ars.usda.gov/nea/bhnrc/fsrg | https://edis.ifas.ufl.edu/publication/HS1499 | https://apiservices.biz/htm/pollination_handbook/clove0000000002766508.html,https://www.missouribotanicalgarden.org/PlantFinder/PlantFinderDetails.aspx?taxonid=282873,Continues,,,,,
149,Coconut,Primary,Fat,Oil Fruit,,0.99,oz,28.0,,Fresh,99.0,,,,,,,,,,,,,,,seed nut; selected dwarf cultivar,perennial palm,Palm,Yes,harvest young or mature coconuts; palm remains until height replacement,,can't grow,Rare,Tropical Wet,warm,75~86,,70~90,60.0,25.0,25.0,,0,Not Growable,,0%,dwarf coconut seedling,,1460.0,365.0,30.0,,365.0,,"sweet,nutty,creamy,tropical",tropical; high humidity; dwarf/early-bearing cultivar,Dwarf coconut can bear with fruit accessible near ground. Palms cannot be topped; replace the palm when crown/envelope approaches the 20-ft ceiling. Crown width remains large.,"First edible nuts modeled at ~4 years. Height is the early productive envelope, not mature lifetime height.","COCONUT_DWARF,UF_PALM_PRUNING",https://agriculture.com.ph/2023/10/10/nutty-by-nature-this-nursery-in-davao-supplies-dwarf-coconut-varieties-across-the-philippines/ | https://blogs.ifas.ufl.edu/leonco/2013/04/24/pruning-palms/,https://agriculture.com.ph/2023/10/10/nutty-by-nature-this-nursery-in-davao-supplies-dwarf-coconut-varieties-across-the-philippines/,Continues,,,,,
42,Agave,Primary,Fat,Sweetener,,1.,tbsp,21.0,15.0,Processed,60.0,,,,,,,,,,,,,,,"offsets/pups, bulbils, or seed depending species",long perennial/monocarpic,Succulent / Rosette,No,harvest mature core/piña for syrup/inulin; destructive to rosette,,fits standard car,Rare,Hot Dry,warm,70~90,,20~45,8.0,8.0,8.0,8.00,1,Container Bed,1.50,0%,offset/pup or seed,1825.0,1825.0,,0.0,5.170,1.0,1825.0,"sweet,mild,caramel-like",,"Species-specific crop; direct human demand is usually processed syrup, not raw plant.","This row represents agave syrup/inulin feedstock, not a replenishing fruit crop.","NCSU_AGAVE,USDA_FDC,USDA_MyPlate",https://plants.ces.ncsu.edu/plants/agave/ | https://fdc.nal.usda.gov/ | https://www.ars.usda.gov/nea/bhnrc/fsrg | https://edis.ifas.ufl.edu/,https://plants.ces.ncsu.edu/plants/agave/,Dies / Replace,,,,,
148,Avocado,Primary,Fat,Oil Fruit,,1.76,oz,50.0,,Fresh,80.0,,,,,,,,,,,,,,,grafted cultivar on seedling rootstock,perennial fruit tree,Tree,Yes,pick mature fruit; tree remains,,can't grow,Rare,Warm Subtropical,warm,60~85,,55~75,40.0,35.0,35.0,,0,Not Growable,,0%,grafted young tree,2190.0,1095.0,,7.0,0.159,304.0,365.0,"creamy,buttery,nutty,green",warm subtropical; excellent drainage; managed canopy,Train model uses a grafted avocado maintained at 12–15 ft canopy; 17-ft Height includes root/bed allowance.,Grafted trees begin producing in 3–4 years; mature orchard baseline is ~6–7 years. Harvest season varies by cultivar.,"UF_AVOCADO,UF_AVOCADO_HEIGHT,USDA_NASS_AVOCADO",https://ask.ifas.ufl.edu/publication/MG213 | https://ask.ifas.ufl.edu/publication/HS1387 | https://www.nass.usda.gov/Quick_Stats/Ag_Overview/stateOverview.php?state=CALIFORNIA,https://ask.ifas.ufl.edu/publication/MG213,Continues,,,,,
34,Cacao,Primary,Fat,Cocoa,,,,,,Raw,,,,,,,,,,,,,,,,"seed, cutting, air-layering, budding or grafting",perennial tree,Tree,Yes,pick ripe pods; ferment/dry seeds into cocoa beans,,prune/manage,Rare,Tropical Wet,warm,65~90,,70~90,8.0,12.0,12.0,8.00,1,Container Orchard,2.50,50%,seed / graft / cutting,2920.0,1095.0,152.2,14.0,0.041,365.0,0.0,"bitter,fruity,fermentative,chocolate precursor",,UF/IFAS recommends limiting cocoa plant height to 6–8 ft; train Height is modeled at 10 ft including root/bed allowance.,"Once bearing, pods of different ages can coexist on the trunk/branches.","UF_CACAO,USDA_MyPlate",https://edis.ifas.ufl.edu/publication/HS307 | https://www.ars.usda.gov/nea/bhnrc/fsrg | https://edis.ifas.ufl.edu/publication/HS1499,https://edis.ifas.ufl.edu/publication/HS307,Continues,,,,,
23,Star Anise,Primary,Vegetable,Spice,,0.04,oz,1.0,,Dried,3.0,,,,,,,,,,,,,,,"seed, layering, or cutting",perennial woody plant,Tree,Yes,pick fruits and dry; plant remains,,can't grow,Rare,Warm Subtropical,warm,65~80,,55~75,49.0,15.0,15.0,,0,Not Growable,,0%,seed / cutting / layering,2920.0,1825.0,,0.0,,365.0,365.0,"licorice,anise,warm,sweet-spice",,Only Illicium verum is culinary. Train model uses a managed compact 18-ft planning height; keep the existing prune/manage constraint and never substitute other Illicium species.,Slow woody spice tree; use this only as a planning proxy unless a specific cultivar/system is selected.,"NCSU_STAR_ANISE,USDA_FDC,USDA_MyPlate",https://plants.ces.ncsu.edu/plants/illicium/common-name/star-anise/ | https://fdc.nal.usda.gov/ | https://www.ars.usda.gov/nea/bhnrc/fsrg | https://extension.umn.edu/planting-and-growing-guides/planting-vegetable-garden,https://plants.ces.ncsu.edu/plants/illicium/common-name/star-anise/,Continues,,,,,
43,Olives,Primary,Fat,Oil Fruit,,0.25,cup,30.0,60.0,Processed,44.0,,,,,,,,,,,,,,,stem cuttings/grafting; seed mainly breeding,long-lived perennial tree,Tree,Yes,pick fruit seasonally; cure/process before eating,,fits standard car,Rare,Mediterranean,temperate,60~78,,35~60,15.0,12.0,12.0,15.00,1,Container Orchard,2.50,50%,grafted/cutting-grown young tree,2555.0,1095.0,152.2,0.0,0.150,1.0,365.0,"briny,fruity,bitter,rich",,,Alternate bearing can occur; simulation should not assume identical yield every year.,"NCSU_OLIVE,USDA_FDC,USDA_MyPlate",https://plants.ces.ncsu.edu/plants/olea-europaea/ | https://fdc.nal.usda.gov/ | https://www.ars.usda.gov/nea/bhnrc/fsrg | https://edis.ifas.ufl.edu/publication/hs402,https://plants.ces.ncsu.edu/plants/olea-europaea/,Continues,,,,,
33,Banana,Primary,Fruit,Tropical Fruit,,4.16,oz,118.0,,Fresh,105.0,,,,,,,,,,,,,,,suckers/pups or tissue-culture plantlets,perennial mat; stem fruits once,Tall Herb,Yes,harvest bunch once per pseudostem,,fits standard car,Uncommon,Tropical Wet,warm,78~86,,70~90,18.0,10.0,10.0,18.00,1,Container Bed,1.50,25%,sucker/pup or tissue-culture plantlet,365.3,273.9,91.3,0.0,0.356,365.0,273.9,"sweet,creamy,tropical,fruity",,,Manage a mat with offset suckers of different ages so a harvest does not reset the entire crop.,"UF_BANANA,USDA_FDC,USDA_MyPlate",https://edis.ifas.ufl.edu/publication/MG040 | https://fdc.nal.usda.gov/ | https://www.ars.usda.gov/nea/bhnrc/fsrg | https://edis.ifas.ufl.edu/publication/HS1499,https://edis.ifas.ufl.edu/mg373,Parent Dies / Offshoot Continues,,,,,
45,Figs,Primary,Fruit,Tree Fruit,,3.53,oz,100.0,,Fresh,74.0,,,,,,,,,,,,,,,stem cutting or layering,perennial woody plant,Tree,Yes,pick ripe figs repeatedly during fruiting window,,fits standard car,Uncommon,Mediterranean,temperate,65~80,,35~60,12.5,10.0,10.0,12.50,1,Container Orchard,2.50,50%,rooted cutting/layer,1095.0,365.0,70.0,2.0,0.117,28.0,0.0,"honeyed,jammy,berry-like,floral",,,Some cultivars bear a breba crop plus a main crop; use cultivar-specific timing if chosen.,"NCSU_FIG,NCSU_FIG_MANAGED,USDA_FDC,USDA_MyPlate",https://plants.ces.ncsu.edu/plants/ficus-carica/ | https://plants.ces.ncsu.edu/plants/ficus-carica-celeste/ | https://fdc.nal.usda.gov/ | https://www.ars.usda.gov/nea/bhnrc/fsrg | https://edis.ifas.ufl.edu/publication/hs402,https://plants.ces.ncsu.edu/plants/ficus-carica/,Continues,,,,,
17,Lemon,Primary,Fruit,Citrus,,2.05,oz,58.0,,Fresh,17.0,,,,,,,,,,,,,,,budded/grafted cultivar on rootstock,perennial tree,Tree,Yes,pick mature fruit; tree remains,,fits standard car,Uncommon,Mediterranean,temperate,65~80,,35~60,13.0,10.0,10.0,13.00,1,Container Orchard,2.50,50%,budded/grafted young tree,1460.0,1095.0,121.8,0.0,0.898,365.0,121.8,"acidic,citrusy,aromatic,bright",,,A mature tree can carry flowers and fruit of different ages at the same time.,"UF_CITRUS_PROP,USDA_FDC,USDA_MyPlate",https://ask.ifas.ufl.edu/publication/HS1309 | https://fdc.nal.usda.gov/ | https://www.ars.usda.gov/nea/bhnrc/fsrg | https://edis.ifas.ufl.edu/publication/hs402,https://edis.ifas.ufl.edu/publication/hs402,Continues,,,,,
16,Lime,Primary,Fruit,Citrus,,2.36,oz,67.0,,Fresh,20.0,,,,,,,,,,,,,,,budded/grafted cultivar on rootstock,perennial tree,Tree,Yes,pick mature fruit; tree remains,,fits standard car,Uncommon,Warm Subtropical,warm,70~85,,55~75,13.0,10.0,10.0,13.00,1,Container Orchard,2.50,50%,budded/grafted young tree,1460.0,730.0,90.0,0.0,,0.0,91.3,"acidic,citrusy,floral,bright",,,Cultivar and climate matter; controlled tropical conditions may support overlapping bloom/fruit stages.,"UF_CITRUS_PROP,USDA_FDC,USDA_MyPlate",https://ask.ifas.ufl.edu/publication/HS1309 | https://fdc.nal.usda.gov/ | https://www.ars.usda.gov/nea/bhnrc/fsrg | https://extension.umn.edu/planting-and-growing-guides/planting-vegetable-garden,https://edis.ifas.ufl.edu/publication/hs1309,Continues,,,,,
142,Oranges,Primary,Fruit,Citrus,,4.94,oz,140.0,,Fresh,66.0,,,,,,,,,,,,,,,budded/grafted cultivar on rootstock,perennial evergreen tree,Tree,Yes,pick mature fruit; tree remains,,prune/manage,Uncommon,Warm Subtropical,warm,65~85,,55~75,15.0,10.0,10.0,15.00,1,Container Orchard,2.50,50%,grafted/budded young tree,1642.5,912.5,240.0,7.0,0.600,60.0,365.0,"sweet,citrusy,juicy,bright",Warm subtropical citrus; keep frost-free and manage canopy height.,Natural citrus can reach 15–50 ft; the train row assumes grafted/dwarfing rootstock plus regular pruning to stay within the car.,Uses the same grafted-citrus planning logic as the existing lime/lemon rows; cultivar can shift ripening and harvest season.,"USDA_FDC,USDA_MyPlate",https://plants.ces.ncsu.edu/plants/citrus/common-name/orange/ | https://edis.ifas.ufl.edu/publication/HS132 | https://fdc.nal.usda.gov/,https://edis.ifas.ufl.edu/publication/HS132,Continues,,,,,
49,Pears,Primary,Fruit,Tree Fruit,,6.28,oz,178.0,,Fresh,101.0,,,,,,,,,,,,,,,grafted/budded cultivar on rootstock,perennial woody tree,Tree,Yes,pick fruit seasonally; tree remains,,fits standard car,Uncommon,Temperate Farm & Orchard,temperate,60~75,,40~65,15.0,10.0,10.0,15.00,1,Container Orchard,2.50,50%,grafted young tree,2555.0,1095.0,120.0,0.0,0.817,1.0,365.0,"sweet,floral,juicy,mild",Program winter chill/dormancy appropriate to cultivar/rootstock.,,Pears are normally picked mature and ripened off-tree; harvesting fruit does not reset the tree.,"NCSU_PEAR,NCSU_DWARF_PEAR,USDA_FDC,USDA_MyPlate",https://plants.ces.ncsu.edu/plants/pyrus-communis/ | https://plants.ces.ncsu.edu/plants/pyrus-communis-moonglow/ | https://fdc.nal.usda.gov/ | https://www.ars.usda.gov/nea/bhnrc/fsrg | https://extension.umn.edu/vegetable-growing-guides-farmers/crop-and-field-planning-tools-vegetable-farmers,https://extension.umn.edu/gardening-minnesota/growing-pears,Continues,,,,,
14,Apples,Primary,Fruit,Tree Fruit,,6.42,oz,182.0,,Fresh,95.0,,,,,,,,,,,,,,,grafted/budded cultivar on rootstock,perennial woody tree,Tree,Yes,pick fruit seasonally; tree remains,,fits standard car,Uncommon,Temperate Farm & Orchard,temperate,60~75,,40~65,13.0,8.0,8.0,13.00,1,Container Orchard,2.50,50%,grafted dwarf/semi-dwarf young tree,1825.0,730.0,100.0,3.0,1.012,730.0,273.9,"sweet,tart,crisp,fruity",Program a winter chill/dormancy phase appropriate to rootstock/cultivar.,,"Do not restart the tree after harvest. It overwinters/dormancy-cycles, blooms again, then grows a new annual fruit crop.","NCSU_APPLE,NCSU_DWARF_APPLE,USDA_FDC,USDA_MyPlate",https://plants.ces.ncsu.edu/plants/malus-domestica/common-name/apple/ | https://plants.ces.ncsu.edu/plants/malus-domestica-fuji/ | https://fdc.nal.usda.gov/ | https://www.ars.usda.gov/nea/bhnrc/fsrg | https://extension.umn.edu/vegetable-growing-guides-farmers/crop-and-field-planning-tools-vegetable-farmers,https://extension.umn.edu/fruit/growing-apples,Continues,,,,,
35,Coffee,Primary,Beverage,Coffee,,1.,cup,240.0,240.0,Processed,2.0,,,,,,,,,,,,,,,seed; selected cultivars may be clonally propagated,perennial woody crop,Shrub,Yes,pick ripe coffee cherries; process seeds/beans,,fits standard car,Rare,Tropical Wet,warm,59~75,,70~90,17.5,8.0,8.0,17.50,1,Container Shrub,2.00,25%,seedling / selected clonal plant,1825.0,1095.0,182.6,7.0,,60.9,365.0,"roasted,bitter,aromatic,fruity",Use the cooler end of Tropical Wet; coffee should not share the hottest banana car.,,"Some tropical systems have more than one flowering flush, but a main annual crop is the safer planning assumption.","UF_COFFEE,USDA_FDC,USDA_MyPlate",https://edis.ifas.ufl.edu/publication/FP135 | https://fdc.nal.usda.gov/ | https://www.ars.usda.gov/nea/bhnrc/fsrg | https://edis.ifas.ufl.edu/publication/HS1499,https://edis.ifas.ufl.edu/publication/HS306,Continues,,,,,
44,Grapes,Primary,Fruit,Vine Fruit,,1.,cup,150.0,240.0,Fresh,104.0,,,,,,,,,,,,,,,cuttings or grafted vines; seed for breeding,perennial woody vine,Vine / Bine,Yes,pick clusters seasonally; prune vine for next crop,,fits standard car,Uncommon,Mediterranean,temperate,60~80,,35~60,13.0,8.0,8.0,13.00,1,Container Orchard,2.50,50%,rooted cutting/grafted vine,1095.0,365.0,90.0,0.0,0.286,14.0,365.0,"sweet,tart,floral,fruity",Many cultivars benefit from a dormant/chill phase; program by cultivar.,,Fruit grows on current-season shoots arising from retained previous-season wood.,"NCSU_GRAPE,USDA_FDC,USDA_MyPlate",https://plants.ces.ncsu.edu/plants/vitis-vinifera/ | https://fdc.nal.usda.gov/ | https://www.ars.usda.gov/nea/bhnrc/fsrg | https://edis.ifas.ufl.edu/publication/hs402,https://extension.umn.edu/gardening-minnesota/growing-grapes-home-garden,Continues,,,,,
141,Blueberries,Primary,Fruit,Berry,,1.,cup,148.0,240.0,Fresh,84.0,,,,,,,,,,,,,,,rooted nursery shrub / cutting,long-lived perennial shrub,Shrub,Yes,pick ripe berries repeatedly; shrub remains,,fits standard car,Uncommon,Temperate Farm & Orchard,temperate,60~75,,40~65,7.0,5.0,5.0,7.00,1,Container Shrub,2.00,25%,2–3 yr nursery shrub,1825.0,730.0,60.0,3.0,0.138,21.0,365.0,"sweet,tart,juicy,berry","Requires a strongly acidic root zone, about pH 4.0–5.5, plus a programmed cool/dormant season.",Compact half-high varieties are the train baseline; UMN lists mature sizes roughly 2–5 ft tall and 3–5 ft wide depending cultivar.,Large harvests begin after roughly 2–3 years; yields are stronger after about 5 years. Mature shrubs are retained.,"USDA_FDC,USDA_MyPlate",https://extension.umn.edu/garden-and-home/yard-and-garden/gardening-minnesota/growing-blueberries-home-garden | https://fdc.nal.usda.gov/,https://extension.umn.edu/garden-and-home/yard-and-garden/gardening-minnesota/growing-blueberries-home-garden,Continues,,,,,
26,Cinnamon,Primary,Vegetable,Spice,,1.,tsp,2.6,5.0,Dried,6.0,,,,,,,,,,,,,,,seed or stem cutting,perennial woody tree,Tree,Yes,cut managed shoots and strip inner bark; regrowth required,,fits standard car,Common,Tropical Wet,warm,75~85,,70~90,10.0,4.0,4.0,10.00,1,Container Shrub,2.00,25%,seed or cutting,730.0,730.0,,0.0,0.031,0.0,547.9,"warm,sweet,woody,spicy",,Commercial cinnamon is coppiced into a dense ~2–2.5 m bush; train envelope is 10 ft including root allowance. Wild-tree height is not the production form.,"Commercial cadence is a managed coppice cycle, not fruit replenishment.","NCSU_CINNAMON,USDA_FDC,USDA_MyPlate,FAO_CINNAMON_COPPICE",https://plants.ces.ncsu.edu/plants/cinnamomum-verum/ | https://fdc.nal.usda.gov/ | https://www.ars.usda.gov/nea/bhnrc/fsrg | https://edis.ifas.ufl.edu/publication/HS1499 | https://ecocrop.apps.fao.org/ecocrop/srv/en/cropView?id=702,https://plants.ces.ncsu.edu/plants/cinnamomum-verum/,Regrows,,,,,
139,Kale,Primary,Vegetable,Cruciferous,,1.,cup,67.0,240.0,Fresh,23.0,,,,,,,,,,,,,,,seed or transplant,biennial grown as a leaf crop,Leafy / Rosette,Yes,pick lower leaves repeatedly; retain growing center,,fits standard car,Common,Cool Temperate,cool,50~65,,50~75,6.0,4.0,4.0,1.75,21,Hydro Rack,0.50,0%,seed or transplant,52.5,30.0,,7.0,1.969,120.0,30.0,"green,earthy,slightly bitter,sweet",Cool conditions support leaf quality; frost tolerance is high.,Individual-leaf harvest lets the same plant keep producing; whole-plant harvest would end that producer.,"UMN lists kale at 40–65 days; 52.5 days is the numeric midpoint, with baby leaves available earlier.","USDA_FDC,USDA_MyPlate",https://extension.umn.edu/vegetables/growing-collards-and-kale | https://plants.ces.ncsu.edu/plants/brassica-oleracea-kale-group/ | https://fdc.nal.usda.gov/,https://extension.umn.edu/garden-and-home/yard-and-garden/gardening-minnesota/planting-vegetables-midsummer-fall-harvest,Regrows,,,,,
40,Bell Pepper,Primary,Vegetable,Fruiting Vegetable,,1.,cup,150.0,240.0,Fresh,46.0,,,,,,,,,,,,,,,seed,tender perennial; generally annual crop,Fruiting Plant,Yes,pick mature fruits repeatedly,,fits standard car,Common,Warm Subtropical,warm,70~80,,55~75,8.0,3.0,3.0,3.50,10,Trellis,1.50,35%,seed or transplant,90.0,60.0,35.0,3.0,2.167,56.0,60.0,"sweet,green,fruity,sometimes hot",,,Green fruit can be harvested earlier than fully colored ripe fruit.,"UC_CONTAINER,KY_PLANTING,USDA_FDC,USDA_MyPlate",https://ucanr.edu/ | https://www2.ca.uky.edu/agcomm/pubs/id/id128/id128.pdf | https://fdc.nal.usda.gov/ | https://www.ars.usda.gov/nea/bhnrc/fsrg | https://extension.umn.edu/planting-and-growing-guides/planting-vegetable-garden,https://extension.umn.edu/vegetable-growing-guides-farmers/crop-and-field-planning-tools-vegetable-farmers,Continues,,,,,
50,Broccoli,Primary,Vegetable,Cruciferous,,1.,cup,90.0,240.0,Fresh,31.0,,,,,,,,,,,,,,,seed or transplant,biennial→annual crop,Leafy / Rosette,Yes,cut main head then side shoots,,fits standard car,Common,Cool Temperate,cool,55~65,,50~75,7.0,3.0,3.0,2.50,14,Hydro Bed,1.00,0%,seed or transplant,55.0,55.0,,5.0,0.667,14.0,55.0,"green,slightly bitter,sweet,sulfurous",,,"Count side shoots as supplemental production, not a full replacement main head.","NCSU_BROCCOLI,USDA_FDC,USDA_MyPlate",https://plants.ces.ncsu.edu/plants/brassica-oleracea-cauliflower-broccoli-group/common-name/italica-group/ | https://fdc.nal.usda.gov/ | https://www.ars.usda.gov/nea/bhnrc/fsrg | https://extension.umn.edu/planting-and-growing-guides/planting-vegetable-garden,https://extension.umn.edu/vegetable-growing-guides-farmers/crop-and-field-planning-tools-vegetable-farmers,Regrows,,,,,
173,Cherry Tomatoes,Primary,Vegetable,Fruiting Vegetable,Tomato,1.,cup,149.0,240.0,Fresh,27.0,,,,,,,,,,,,,,,seed or transplant,tender perennial grown as annual crop,Vine / Bine,Yes,pick ripe fruit repeatedly,,fits standard car,Common,Warm Subtropical,warm,67~77,,55~75,8.0,3.0,3.0,4.00,9,Trellis,1.50,35%,seed / transplant,80.0,55.0,30.0,2.0,4.000,60.0,90.0,"sweet,acidic,juicy,umami",,Train baseline uses a compact/determinate cherry tomato with trellis/pruning; cultivar strongly changes plant size and fruit count.,Uses the existing protected-crop tomato yield planning baseline; stagger plants for continuous picking.,"UC_CONTAINER,UMN_CROP,USDA_FDC",https://ucanr.edu/ | https://extension.umn.edu/vegetable-growing-guides-farmers/crop-and-field-planning-tools-vegetable-farmers | https://fdc.nal.usda.gov/,https://extension.umn.edu/vegetable-growing-guides-farmers/crop-and-field-planning-tools-vegetable-farmers,Continues,,,,,
25,Fennel,Primary,Vegetable,Spice,,1.,tsp,2.0,5.0,Dried,7.0,,,,,,,,,,,,,,,seed,short perennial/biennial,Bulb / Base,Yes,let flower umbels dry and collect seed,,fits standard car,Common,Mediterranean,temperate,60~75,,35~60,8.0,3.0,3.0,2.50,14,Hydro Bed,1.00,0%,seed,100.0,100.0,30.0,0.0,,14.0,365.0,"anise,licorice,sweet,warm",,,Treat as a seed crop; bulb fennel timing is different.,"USDA_FDC,USDA_MyPlate",https://fdc.nal.usda.gov/ | https://www.ars.usda.gov/nea/bhnrc/fsrg | https://edis.ifas.ufl.edu/publication/hs402,https://extension.umn.edu/vegetable-growing-guides-farmers/crop-and-field-planning-tools-vegetable-farmers,Continues,,,,,
46,Rosemary,Primary,Vegetable,Herb,,1.,tbsp,2.0,15.0,Fresh,3.0,,,,,,,,,,,,,,,stem cutting or seed,perennial,Shrub,Yes,clip tender shoots repeatedly,,fits standard car,Common,Mediterranean,temperate,60~75,,35~60,5.0,3.0,3.0,2.00,18,Hydro Rack,0.50,0%,cutting or seed,182.6,60.0,,30.0,0.256,365.0,30.0,"piney,resinous,savory,camphor",,,Avoid removing too much old woody growth at once.,"UC_HERBS,UC_ROOTS,USDA_FDC,USDA_MyPlate",https://ucanr.edu/site/uc-master-gardeners-san-luis-obispo-county/herbs-kitchen-garden | https://celosangeles.ucanr.edu/files/121762.pdf | https://fdc.nal.usda.gov/ | https://www.ars.usda.gov/nea/bhnrc/fsrg | https://edis.ifas.ufl.edu/publication/hs402,https://extension.umn.edu/vegetable-growing-guides-farmers/crop-and-field-planning-tools-vegetable-farmers,Regrows,,,,,
6,Basil,Primary,Vegetable,Herb,,0.25,cup,5.0,60.0,Fresh,1.0,,,,,,,,,,,,,,,seed or cutting,annual/tender perennial,Herb,Yes,pinch/cut stems above nodes for regrowth,,fits standard car,Common,Warm Subtropical,warm,70~85,,55~75,3.0,2.0,2.0,1.75,21,Hydro Rack,0.50,0%,seed or cutting,45.0,30.0,,14.0,0.138,91.3,30.0,"sweet,peppery,clove-like,fresh",,,Cut above nodes; frequent harvest delays flowering and extends productive life.,"UC_HERBS,UC_ROOTS,USDA_FDC,USDA_MyPlate",https://ucanr.edu/site/uc-master-gardeners-san-luis-obispo-county/herbs-kitchen-garden | https://celosangeles.ucanr.edu/files/121762.pdf | https://fdc.nal.usda.gov/ | https://www.ars.usda.gov/nea/bhnrc/fsrg | https://extension.umn.edu/planting-and-growing-guides/planting-vegetable-garden,https://extension.umn.edu/vegetable-growing-guides-farmers/crop-and-field-planning-tools-vegetable-farmers,Regrows,,,,,
143,Bees,Primary,Input,Pollinator,Honey Bee,,,,,Raw,,,,,,,,,,,,,,,,colony/nucleus + queen,perennial eusocial colony,Hive / Colony,Yes,retain colony; split excess colonies and maintain pollinators,flowering crops + water,dedicated screened pollinator hive,Uncommon,Temperate Farm & Orchard,temperate,55~90,,40~80,5.0,2.0,2.0,,,Hive,,0%,nucleus colony with laying queen,42.0,0.0,,1.0,,365.0,42.0,,Colony regulates its brood nest; ambient range is for a controlled pollinator room.,Honey-bee colony is modeled as a reusable pollination producer; workers are not harvested.,"Workers take about 21 days from egg to adult and roughly another 21 days to become foragers, so a new worker cohort turns over in about 42 days.","PSU_BEE,MU_BEE",https://extension.psu.edu/honey-bee-management-throughout-the-seasons | https://extension.missouri.edu/publications/m403,https://extension.psu.edu/honey-bee-management-throughout-the-seasons,Continues,,,,,
20,Cabbage,Primary,Vegetable,Cruciferous,,1.,cup,90.0,240.0,Fresh,22.0,,,,,,,,,,,,,,,seed or transplant,biennial→annual crop,Leafy / Rosette,No,cut mature head; limited side growth not treated as full renewal,,fits standard car,Common,Cool Temperate,cool,55~65,,50~75,3.5,2.0,2.0,2.50,14,Hydro Bed,1.00,0%,seed or transplant,60.0,60.0,,0.0,1.000,1.0,60.0,"crisp,sweet,peppery,sulfurous",,,Do not count limited side shoots as a full replacement head.,"NCSU_CABBAGE,UC_ROOT_GROUPS,USDA_FDC,USDA_MyPlate",https://plants.ces.ncsu.edu/plants/brassica-oleracea-cabbage-group/ | https://ucanr.edu/site/uc-master-gardeners-placer-county/article/vegetable-garden-irrigation-0 | https://fdc.nal.usda.gov/ | https://www.ars.usda.gov/nea/bhnrc/fsrg | https://extension.umn.edu/planting-and-growing-guides/planting-vegetable-garden,https://extension.umn.edu/vegetable-growing-guides-farmers/crop-and-field-planning-tools-vegetable-farmers,Dies / Replace,,,,,
18,Chili Pepper,Primary,Vegetable,Spice,,1.5,tbsp,10.0,22.5,Fresh,4.0,,,,,,,,,,,,,,,seed,tender perennial; usually annual crop,Fruiting Plant,Yes,pick fruits repeatedly,,fits standard car,Common,Warm Subtropical,warm,70~85,,55~75,7.0,2.0,2.0,3.50,10,Trellis,1.50,35%,seed or transplant,90.0,70.0,35.0,3.0,1.333,365.0,70.0,"hot,fruity,green,pungent",,,Hot-pepper maturity varies widely by cultivar and whether green or fully colored fruit is desired.,"UC_CONTAINER,KY_PLANTING,USDA_FDC,USDA_MyPlate",https://ucanr.edu/ | https://www2.ca.uky.edu/agcomm/pubs/id/id128/id128.pdf | https://fdc.nal.usda.gov/ | https://www.ars.usda.gov/nea/bhnrc/fsrg | https://extension.umn.edu/planting-and-growing-guides/planting-vegetable-garden,https://extension.umn.edu/vegetable-growing-guides-farmers/crop-and-field-planning-tools-vegetable-farmers,Continues,,,,,
19,Corn,Primary,Grain,Cereal,,0.5,cup,82.0,120.0,Uncooked,79.0,Dry grain,1820.0,Yes,Yes,,,,,,,,,,,seed,annual,Grain / Grass,No,harvest ears; stalk does not produce indefinitely,,fits standard car,Common,Warm Subtropical,warm,70~85,,55~75,11.0,2.0,2.0,10.00,3,Hydro Bed,1.00,0%,seed,70.0,70.0,18.0,3.0,0.240,7.0,70.0,"corny,starchy,nutty",,"Dry grain basis for cereal/tortilla use: 2025 U.S. corn grain yield 186.5 bu/acre × 56 lb/bu ÷ 43,560 ft² = 0.23976 lb/ft². This is an area-density yield, not yield from one corn plant.","Field-grain timing basis; staggered plantings can smooth supply, but harvested weight is always allocated growing area × lb/ft².","UC_ROOT_GROUPS,KY_PLANTING,USDA_FDC,USDA_MyPlate,USDA_NASS_2025,USU_GRAIN_STORAGE",https://ucanr.edu/site/uc-master-gardeners-placer-county/article/vegetable-garden-irrigation-0 | https://www2.ca.uky.edu/agcomm/pubs/id/id128/id128.pdf | https://fdc.nal.usda.gov/ | https://www.ars.usda.gov/nea/bhnrc/fsrg | https://extension.umn.edu/planting-and-growing-guides/planting-vegetable-garden | https://www.nass.usda.gov/Publications/Todays_Reports/reports/cropan26.pdf | https://extension.usu.edu/preserve-the-harvest/files/Food-Storage-Booklet.pdf,https://extension.umn.edu/vegetable-growing-guides-farmers/crop-and-field-planning-tools-vegetable-farmers,Dies / Replace,,,,,
11,Ginger,Primary,Vegetable,Spice,,1.,tsp,5.0,5.0,Fresh,4.0,,,,,,,,,,,,,,,rhizome pieces with viable buds,perennial→annual crop,Rhizome,Yes,lift rhizomes; young ginger may be partial-harvested,,fits standard car,Common,Tropical Wet,warm,70~86,,70~90,5.0,2.0,2.0,2.50,14,Deep Hydro Bed,1.50,0%,rhizome piece with buds,243.5,121.8,,0.0,2.667,121.8,243.5,"hot,citrusy,aromatic,peppery",,,Young ginger can be harvested before full rhizome maturity.,"UF_GINGER,USDA_FDC,USDA_MyPlate",https://ask.ifas.ufl.edu/publication/EP638 | https://fdc.nal.usda.gov/ | https://www.ars.usda.gov/nea/bhnrc/fsrg | https://edis.ifas.ufl.edu/publication/HS1499,https://ask.ifas.ufl.edu/publication/EP638,Regrows,,,,,
5,Mung Beans,Primary,Protein,Legume,Bean,0.5,cup,100.0,120.0,Uncooked,105.0,Dry beans,728.0,Yes,Maybe,,,,,,,,,,,seed,annual,Legume / Pod,No,dry pods harvested for seed,,fits standard car,Common,Warm Subtropical,warm,75~86,,55~75,4.5,2.0,2.0,2.50,14,Hydro Bed,1.00,0%,seed,60.0,60.0,20.0,1.0,0.051,7.0,60.0,"mild,earthy,beany",,,Dry-seed crop timing; sprout production is tracked separately.,"MUNGBEAN_TRIAL,USDA_FDC,USDA_MyPlate",https://pmc.ncbi.nlm.nih.gov/articles/PMC9039728/ | https://fdc.nal.usda.gov/ | https://www.ars.usda.gov/nea/bhnrc/fsrg | https://extension.umn.edu/planting-and-growing-guides/planting-vegetable-garden,https://extension.umn.edu/vegetable-growing-guides-farmers/crop-and-field-planning-tools-vegetable-farmers,Dies / Replace,,,,,
51,Peas,Primary,Vegetable,Legume,Pulse,0.5,cup,80.0,120.0,Fresh,67.0,,,,,,,,,,,,,,,seed,annual cool-season crop,Vine / Bine,Yes,pick pods repeatedly or mature seed,,fits standard car,Common,Cool Temperate,cool,50~65,,50~75,10.0,2.0,2.0,4.50,8,Trellis,1.50,35%,seed,50.0,50.0,15.0,1.0,0.150,7.0,50.0,"sweet,green,fresh,starchy",,,Cool-season annual; high temperatures shorten the productive window.,"UC_CONTAINER,KY_PLANTING,USDA_FDC,USDA_MyPlate",https://ucanr.edu/ | https://www2.ca.uky.edu/agcomm/pubs/id/id128/id128.pdf | https://fdc.nal.usda.gov/ | https://www.ars.usda.gov/nea/bhnrc/fsrg | https://extension.umn.edu/planting-and-growing-guides/planting-vegetable-garden,https://extension.umn.edu/vegetable-growing-guides-farmers/crop-and-field-planning-tools-vegetable-farmers,Continues,,,,,
3,Potatoes,Primary,Vegetable,Root Vegetable,,5.29,oz,150.0,,Uncooked,116.0,Cured cool/dark tubers,112.0,No,Maybe,,,,,,,,,,,seed tuber or tuber piece with eyes,annual crop,Root / Tuber,No,dig entire tuber crop,,fits standard car,Common,Temperate Farm & Orchard,temperate,60~70,,40~65,5.0,2.0,2.0,3.00,12,Deep Hydro Bed,1.25,0%,seed tuber / eye piece,50.0,50.0,,0.0,0.574,1.0,50.0,"earthy,starchy,mild",,,New potatoes can be dug earlier; full-size maturity depends strongly on variety.,"UC_CONTAINER,KY_PLANTING,USDA_FDC,USDA_MyPlate",https://ucanr.edu/ | https://www2.ca.uky.edu/agcomm/pubs/id/id128/id128.pdf | https://fdc.nal.usda.gov/ | https://www.ars.usda.gov/nea/bhnrc/fsrg | https://extension.umn.edu/vegetable-growing-guides-farmers/crop-and-field-planning-tools-vegetable-farmers,https://extension.umn.edu/vegetable-growing-guides-farmers/crop-and-field-planning-tools-vegetable-farmers,Dies / Replace,,,,,
4,Soybeans,Primary,Protein,Legume,Bean,0.5,cup,86.0,120.0,Uncooked,149.0,Dry beans,728.0,Yes,Yes,,,,,,,,,,,seed,annual,Legume / Pod,No,pods mature; plants/stands harvested for seed,,fits standard car,Common,Warm Subtropical,warm,70~85,,55~75,4.0,2.0,2.0,3.00,12,Hydro Bed,1.00,0%,seed,80.0,80.0,30.0,0.0,0.073,1.0,80.0,"beany,nutty,savory",,"2025 U.S. soybean yield 53.0 bu/acre × 60 lb/bu ÷ 43,560 ft² = 0.07300 lb/ft². Area-density field yield; never a one-plant production value.",,"NCSU_SOY,USDA_FDC,USDA_MyPlate,USDA_NASS_2025",https://plants.ces.ncsu.edu/plants/glycine-max/ | https://fdc.nal.usda.gov/ | https://www.ars.usda.gov/nea/bhnrc/fsrg | https://extension.umn.edu/planting-and-growing-guides/planting-vegetable-garden | https://www.nass.usda.gov/Publications/Todays_Reports/reports/cropan26.pdf,https://extension.umn.edu/vegetable-growing-guides-farmers/crop-and-field-planning-tools-vegetable-farmers,Dies / Replace,,,,,
140,Strawberries,Primary,Fruit,Berry,,1.,cup,152.0,240.0,Fresh,49.0,,,,,,,,,,,,,,,crowns/plugs; runners for replacement plants,perennial,Runner / Groundcover,Yes,pick ripe berries every few days; crown remains,,fits standard car,Uncommon,Temperate Farm & Orchard,temperate,60~75,,50~75,2.0,2.0,2.0,1.75,21,Hydro Rack,0.50,0%,day-neutral crown/plug,90.0,60.0,30.0,2.0,0.667,120.0,30.0,"sweet,tart,juicy,berry",Day-neutral train baseline; protected culture extends the harvest window.,Day-neutral strawberries are used because they can flower and fruit through a long season instead of one short June crop.,UMN recommends removing flowers for 4–6 weeks after planting and harvesting day-neutral berries every 1–3 days.,"USDA_FDC,USDA_MyPlate",https://extension.umn.edu/strawberry-farming/day-neutral-strawberries | https://plants.ces.ncsu.edu/plants/fragaria-x-ananassa/ | https://fdc.nal.usda.gov/,https://extension.umn.edu/strawberry-farming/day-neutral-strawberries,Continues,,,,,
8,Cilantro,Primary,Vegetable,Herb,,0.25,cup,5.0,60.0,Fresh,1.0,,,,,,,,,,,,,,,seed,annual,Herb,Yes,cut leaves; allow selected plants to set coriander seed,,fits standard car,Common,Cool Temperate,cool,60~70,,50~75,4.5,1.5,1.5,1.75,21,Hydro Rack,0.50,0%,seed,40.0,30.0,,10.0,0.280,28.0,30.0,"citrusy,grassy,pungent,fresh",,,"For coriander seed, allow a separate cohort to flower and dry.","UC_HERBS,UC_ROOTS,USDA_FDC,USDA_MyPlate",https://ucanr.edu/site/uc-master-gardeners-san-luis-obispo-county/herbs-kitchen-garden | https://celosangeles.ucanr.edu/files/121762.pdf | https://fdc.nal.usda.gov/ | https://www.ars.usda.gov/nea/bhnrc/fsrg | https://extension.umn.edu/planting-and-growing-guides/planting-vegetable-garden,https://extension.umn.edu/vegetable-growing-guides-farmers/crop-and-field-planning-tools-vegetable-farmers,Regrows,,,,,
24,Coriander,Primary,Vegetable,Spice,,1.,tsp,2.0,5.0,Dried,6.0,,,,,,,,,,,,,,,seed,annual,Herb,No,allow cilantro to flower and dry; collect seed,Cilantro,fits standard car,Common,Cool Temperate,cool,60~75,,50~75,4.5,1.5,1.5,2.50,14,Hydro Bed,1.00,0%,seed,90.0,90.0,30.0,0.0,0.040,1.0,90.0,"citrusy,warm,nutty,floral",Finish seed drier than leaf-cilantro production.,,"Same species as cilantro, but timing is to mature dry seed instead of leaves.","UC_HERBS,UC_ROOTS,USDA_FDC,USDA_MyPlate",https://ucanr.edu/site/uc-master-gardeners-san-luis-obispo-county/herbs-kitchen-garden | https://celosangeles.ucanr.edu/files/121762.pdf | https://fdc.nal.usda.gov/ | https://www.ars.usda.gov/nea/bhnrc/fsrg | https://extension.umn.edu/planting-and-growing-guides/planting-vegetable-garden,https://extension.umn.edu/vegetable-growing-guides-farmers/crop-and-field-planning-tools-vegetable-farmers,Dies / Replace,,,,,
39,Peanuts,Primary,Protein,Legume,Oilseed,0.25,cup,28.0,60.0,Fresh,161.0,Dry in-shell / kernels,182.0,Yes,Maybe,,,,,,,,,,,seed/kernel,annual,Legume / Pod,No,dig/lift whole plant after pods mature belowground; cure pods,,fits standard car,Common,Warm Subtropical,warm,70~86,,55~75,3.0,1.5,1.5,2.50,14,Hydro Bed,1.00,0%,seed/kernel,120.0,120.0,60.0,0.0,0.086,1.0,120.0,"nutty,roasted,rich,earthy",,"2025 U.S. peanut yield 3,767 lb/acre ÷ 43,560 ft² = 0.08648 lb/ft². Area-density field yield; never a one-plant production value.",,"NCSU_PEANUT,USDA_FDC,USDA_MyPlate,USDA_NASS_2025",https://plants.ces.ncsu.edu/plants/arachis-hypogaea/common-name/groundnut/ | https://fdc.nal.usda.gov/ | https://www.ars.usda.gov/nea/bhnrc/fsrg | https://extension.umn.edu/planting-and-growing-guides/planting-vegetable-garden | https://www.nass.usda.gov/Publications/Todays_Reports/reports/cropan26.pdf,https://extension.umn.edu/vegetable-growing-guides-farmers/crop-and-field-planning-tools-vegetable-farmers,Dies / Replace,,,,,
48,Barley,Primary,Grain,Cereal,,0.25,cup,50.0,60.0,Uncooked,177.0,Whole dry grain,1820.0,Yes,Maybe,,,,,,,,,,,seed,annual,Grain / Grass,No,cut/thresh mature grain heads,,fits standard car,Common,Temperate Farm & Orchard,temperate,55~70,,40~65,5.5,1.0,1.0,3.50,10,Hydro Bed,1.00,0%,seed,60.0,60.0,,0.0,0.088,1.0,60.0,"nutty,malty,grainy",,"2025 U.S. barley yield 80.0 bu/acre × 48 lb/bu ÷ 43,560 ft² = 0.08815 lb/ft². Area-density field yield; never a one-plant production value.",,"NCSU_BARLEY,USDA_FDC,USDA_MyPlate,USDA_NASS_2025,USU_GRAIN_STORAGE",https://plants.ces.ncsu.edu/plants/hordeum-vulgare/ | https://fdc.nal.usda.gov/ | https://www.ars.usda.gov/nea/bhnrc/fsrg | https://extension.umn.edu/vegetable-growing-guides-farmers/crop-and-field-planning-tools-vegetable-farmers | https://www.nass.usda.gov/Publications/Todays_Reports/reports/cropan26.pdf | https://extension.usu.edu/preserve-the-harvest/files/Food-Storage-Booklet.pdf,https://extension.umn.edu/vegetable-growing-guides-farmers/crop-and-field-planning-tools-vegetable-farmers,Dies / Replace,,,,,
21,Carrots,Primary,Vegetable,Root Vegetable,,2.15,oz,61.0,,Fresh,25.0,,,,,,,,,,,,,,,direct seed,biennial biologically; grown as annual root crop,Root / Tuber,No,pull whole storage root,,fits standard car,Common,Cool Temperate,cool,55~70,,50~75,3.5,1.0,1.0,2.00,18,Deep Hydro Bed,1.00,0%,direct seed,55.0,55.0,,0.0,1.150,1.0,55.0,"sweet,earthy,fresh",,,Use full-size maturity for calorie/yield planning.,"NCSU_CARROT,UC_CONTAINER,USDA_FDC,USDA_MyPlate",https://plants.ces.ncsu.edu/plants/daucus-carota-subsp-sativus/common-name/carrot/ | https://ucanr.edu/ | https://fdc.nal.usda.gov/ | https://www.ars.usda.gov/nea/bhnrc/fsrg | https://extension.umn.edu/planting-and-growing-guides/planting-vegetable-garden,https://extension.umn.edu/vegetable-growing-guides-farmers/crop-and-field-planning-tools-vegetable-farmers,Dies / Replace,,,,,
12,Garlic,Primary,Vegetable,Spice,,0.18,oz,5.0,,Fresh,7.0,,,,,,,,,,,,,,,clove or bulbil,perennial biologically; grown as annual bulb crop,Bulb / Base,No,pull mature bulbs and cure,,fits standard car,Common,Temperate Farm & Orchard,temperate,55~70,,40~65,4.0,1.0,1.0,2.00,18,Hydro Bed,1.00,0%,clove / bulbil,243.5,243.5,,0.0,0.303,1.0,243.5,"pungent,sulfurous,savory,sweet when cooked",,,Scapes can be harvested earlier from hardneck types.,"KY_PLANTING,UC_CONTAINER,USDA_FDC,USDA_MyPlate",https://www2.ca.uky.edu/agcomm/pubs/id/id128/id128.pdf | https://ucanr.edu/ | https://fdc.nal.usda.gov/ | https://www.ars.usda.gov/nea/bhnrc/fsrg | https://extension.umn.edu/vegetable-growing-guides-farmers/crop-and-field-planning-tools-vegetable-farmers,https://extension.umn.edu/vegetable-growing-guides-farmers/crop-and-field-planning-tools-vegetable-farmers,Dies / Replace,,,,,
137,Lettuce,Primary,Vegetable,Leafy Green,,2.,cup,85.0,480.0,Fresh,13.0,,,,,,,,,,,,,,,seed,annual cool-season crop,Leafy / Rosette,Yes,cut outer leaves above the crown for repeat harvests,,fits standard car,Common,Cool Temperate,cool,55~70,,50~75,2.0,1.0,1.0,1.75,21,Hydro Rack,0.50,0%,seed,50.0,30.0,,7.0,0.551,42.0,30.0,"crisp,mild,fresh,green",Keep cool; high heat drives bolting and bitter leaves.,Train baseline is leaf lettuce so the crown can remain for repeat cuts; whole-head harvest would be destructive.,Leaf lettuce planning maturity is 40–60 days; 50 days is the numeric midpoint.,"USDA_FDC,USDA_MyPlate",https://extension.umn.edu/vegetables/growing-lettuce-endive-and-radicchio | https://plants.ces.ncsu.edu/plants/lactuca-sativa/common-name/lettuce/ | https://fdc.nal.usda.gov/,https://extension.umn.edu/garden-and-home/yard-and-garden/gardening-minnesota/planting-vegetables-midsummer-fall-harvest,Regrows,,,,,
9,Onion,Primary,Vegetable,Allium,,0.5,cup,80.0,120.0,Fresh,32.0,,,,,,,,,,,,,,,"seed, set, or transplant",biennial→annual crop,Bulb / Base,No,pull mature bulbs and cure,,fits standard car,Common,Temperate Farm & Orchard,temperate,55~75,,40~65,3.5,1.0,1.0,2.00,18,Hydro Bed,1.00,0%,seed / set / transplant,90.0,90.0,,0.0,1.271,1.0,90.0,"sweet,pungent,sulfurous,savory",,,"Green tops can be used earlier, but bulb maturity is the production endpoint.","UC_CONTAINER,KY_PLANTING,USDA_FDC,USDA_MyPlate",https://ucanr.edu/ | https://www2.ca.uky.edu/agcomm/pubs/id/id128/id128.pdf | https://fdc.nal.usda.gov/ | https://www.ars.usda.gov/nea/bhnrc/fsrg | https://extension.umn.edu/vegetable-growing-guides-farmers/crop-and-field-planning-tools-vegetable-farmers,https://extension.umn.edu/vegetable-growing-guides-farmers/crop-and-field-planning-tools-vegetable-farmers,Dies / Replace,,,,,
2,Rice,Primary,Grain,Cereal,,,,,,Uncooked,,Dry paddy / white rice,3640.0,Yes,Yes,,,,,,,,,,,seed directly or nursery seedling transplant,annual,Grain / Grass,No,grain panicles mature; whole crop harvested,,fits standard car,Uncommon,Warm Aquatic / Wetland,warm,77~88,77~84,70~95,5.0,1.0,1.0,3.50,10,Hydro Bed,1.00,0%,seed or nursery seedling,100.0,100.0,30.0,0.0,0.173,1.0,100.0,"mild,starchy",,"Human-serving calories belong to downstream Milled rice; paddy includes hull. 2025 U.S. rice yield 7,544 lb/acre ÷ 43,560 ft² = 0.17319 lb/ft², so production is area-based rather than plant-based.",,"IRRI_MORPH,IRRI_CALENDAR,IRRI_TRANSPLANT,USDA_MyPlate,USDA_NASS_2025,USU_RICE_STORAGE,USU_GRAIN_STORAGE",https://www.knowledgebank.irri.org/ricebreedingcourse/Plant_Morphology.htm | https://www.knowledgebank.irri.org/step-by-step-production/pre-planting/crop-calendar | https://www.knowledgebank.irri.org/step-by-step-production/growth/planting/transplanting/manual-transplanting | https://www.ars.usda.gov/nea/bhnrc/fsrg | https://books.irri.org/0471097608_content.pdf | https://www.nass.usda.gov/Publications/Todays_Reports/reports/cropan26.pdf | https://extension.usu.edu/preserve-the-harvest/research/storing-white-rice | https://extension.usu.edu/preserve-the-harvest/files/Food-Storage-Booklet.pdf,https://www.knowledgebank.irri.org/step-by-step-production/pre-planting/crop-calendar,Dies / Replace,,,,,
138,Spinach,Primary,Vegetable,Leafy Green,,2.,cup,85.0,480.0,Fresh,20.0,,,,,,,,,,,,,,,seed,annual cool-season crop,Leafy / Rosette,Yes,harvest leaves above the crown; new leaves continue growing,,fits standard car,Common,Cool Temperate,cool,50~65,,50~75,2.0,1.0,1.0,1.75,21,Hydro Rack,0.50,0%,seed,40.0,30.0,,7.0,0.467,35.0,30.0,"mild,green,earthy,fresh",Cool crop; heat and long days trigger bolting.,Shallow-bed crop suitable for dense racks; NCSU notes containers can be 4–6 inches deep.,UMN lists spinach at 35–45 days to maturity; repeat leaf harvest is supported when leaves are taken small.,"USDA_FDC,USDA_MyPlate",https://plants.ces.ncsu.edu/plants/spinacia-oleracea/ | https://extension.umn.edu/garden-and-home/yard-and-garden/gardening-minnesota/planting-vegetables-midsummer-fall-harvest | https://fdc.nal.usda.gov/,https://extension.umn.edu/garden-and-home/yard-and-garden/gardening-minnesota/planting-vegetables-midsummer-fall-harvest,Regrows,,,,,
15,Barley Grass,Primary,Input,Feed,Fodder,,,,,Fresh,,,,,,,,,,,,,,,,barley seed,7-day crop,Grain / Grass,No,whole fresh mat harvested; no regrowth credit,Barley,fits standard car,Common,Sprout Room,temperate,60~70,,80~95,1.0,0.5,0.5,1.50,24,Hydro Rack,0.50,0%,barley seed,6.0,6.0,,0.0,4.096,1.0,0.0,"grassy,fresh",,,Stagger trays daily for continuous fodder.,REPO_SPROUT,,https://extension.umn.edu/vegetable-growing-guides-farmers/crop-and-field-planning-tools-vegetable-farmers,Dies / Replace,,,,,
22,Mushrooms,Primary,Vegetable,Fungi,,1.,cup,70.0,240.0,Fresh,15.0,,,,,,,,,,,,,,,spawn (grain colonized with mycelium) from maintained culture,culture perennial; substrate batch,Fungi,Yes,pick flushes roughly 7–10 days apart during production,Mushroom spawn,fits standard car,Uncommon,Dark Humid,cool,55~65,,85~95,1.5,0.5,0.5,1.50,24,Stacked Shelves,0.50,0%,spawn into prepared substrate,25.0,25.0,,7.0,6.340,21.0,25.0,"earthy,savory,umami",,,Maintain master culture separately from production substrate.,"PSU_MUSHROOM,PSU_SPAWN,USDA_FDC,USDA_MyPlate",https://extension.psu.edu/forage-and-food-crops/mushrooms/production-and-harvesting | https://extension.psu.edu/basic-procedures-for-agaricus-mushroom-growing | https://fdc.nal.usda.gov/ | https://www.ars.usda.gov/nea/bhnrc/fsrg,https://extension.psu.edu/basic-procedures-for-agaricus-mushroom-growing,Continues,,,,,
59,Pumpkin,Primary,Vegetable,Fruiting Vegetable,,3.53,oz,100.0,,Fresh,26.0,,,,,,,,,,,,,,,seed,annual vine crop,Vine / Bine,No,harvest mature fruit,,fits standard car,Common,Warm Subtropical,warm,,,,4.0,0.5,0.5,4.00,1,Trellis,1.50,35%,seed,100.0,100.0,,0.0,0.918,0.0,100.0,,,Game crop catalog uses a conservative contained/trellised vine-bed planning model.,Explicit game crop: 0.50 lb/ft²/cycle; 100-day cycle.,GAME_RECIPE_V5,,,Dies / Replace,,,,,
10,Scallion,Primary,Vegetable,Allium,,0.25,cup,25.0,60.0,Fresh,8.0,,,,,,,,,,,,,,,"seed, division, or retained basal plate",annual/perennial,Bulb / Base,Yes,cut leaves or pull whole scallion,,fits standard car,Common,Cool Temperate,cool,55~70,,50~75,3.0,0.5,0.5,1.50,24,Hydro Rack,0.50,0%,seed or division,50.0,45.0,,10.0,0.413,60.9,45.0,"oniony,fresh,mild,green",,,Whole-plant harvest ends that plant; leaf-only cutting allows regrowth.,"UMN_SCALLION,UC_CONTAINER,USDA_FDC,USDA_MyPlate",https://extension.umn.edu/vegetables/growing-scallions-home-gardens | https://ucanr.edu/ | https://fdc.nal.usda.gov/ | https://www.ars.usda.gov/nea/bhnrc/fsrg | https://extension.umn.edu/planting-and-growing-guides/planting-vegetable-garden,https://extension.umn.edu/vegetable-growing-guides-farmers/crop-and-field-planning-tools-vegetable-farmers,Regrows,,,,,
28,Seaweed,Primary,Vegetable,Sea Vegetable,,0.35,oz,10.0,,Fresh,4.0,,,,,,,,,,,,,,,spores/seedstock or vegetative fragments depending species,species-dependent; many farmed forms allow repeated biomass harvest,Aquatic Plant,Yes,cut/strip harvest from culture line or net,,fits standard car,Uncommon,Cold Marine,cool,,50~63,,6.0,0.5,0.5,,,Aquatic Culture,0.00,0%,spores/seedstock or vegetative culture,45.0,45.0,,7.0,,60.9,7.0,"briny,mineral,marine,umami",Umbrella row uses nori-like cool-water planning; species override required.,Umbrella category; exact dimensions and regeneration must be species-specific in production planning.,"Umbrella row: kelp, nori, and other seaweeds have very different cycle lengths; species override required.","USDA_FDC,USDA_MyPlate",https://fdc.nal.usda.gov/ | https://www.ars.usda.gov/nea/bhnrc/fsrg | https://repository.library.noaa.gov/view/noaa/4550/noaa_4550_DS1.pdf,https://repository.library.noaa.gov/view/noaa/4550/noaa_4550_DS1.pdf,Regrows,,,,,
156,Bass,Primary,Protein,Seafood,Fish,3.,oz,85.0,,Uncooked,82.0,,,,,,,,,,,,,,,broodstock spawning; fry → feed-trained fingerlings → grow-out,warmwater fish; cohort grow-out,Aquaculture,No,harvest food-size cohort; retain separate broodstock,,aquaculture,Uncommon,Warm Aquatic / Wetland,warm,,70~85,,,,,,,Aquaculture,,0%,feed-trained fingerlings,545.0,365.0,,0.0,,30.0,545.0,"mild,firm,sweet",,Modeled as largemouth bass food-fish aquaculture; use tank biomass/FCR rather than crop lb/ft².,Commercial food-fish production can start with feed-trained fingerlings; larger fish commonly require second-year grow-out.,"SRAC_LMB,USDA_FDC",https://srac.tamu.edu/fact-sheets/serve/304 | https://fdc.nal.usda.gov/,https://srac.tamu.edu/fact-sheets/serve/304,Cohort Ends / Breeders Remain,,,,,
157,Bluegill,Primary,Protein,Seafood,Fish,3.,oz,85.0,,Uncooked,82.0,,,,,,,,,,,,,,,broodstock spawning; fry → fingerlings → grow-out,warmwater fish; cohort grow-out,Aquaculture,No,harvest food-size cohort; retain separate broodstock,,aquaculture,Common,Warm Aquatic / Wetland,warm,,70~85,,,,,,,Aquaculture,,0%,fingerlings,365.0,270.0,,0.0,,30.0,365.0,"mild,delicate,sweet",,Modeled as bluegill warmwater aquaculture; whole-fish and fillet recovery matter because market fish are relatively small.,"Harvest age depends strongly on starting size, density and feed; 270–365 d is a train planning baseline.","PSU_POND,SRAC_CAGE,USDA_FDC",https://extension.psu.edu/management-of-fish-ponds-in-pennsylvania | https://srac.tamu.edu/fact-sheets/serve/19 | https://fdc.nal.usda.gov/,https://srac.tamu.edu/fact-sheets/serve/19,Cohort Ends / Breeders Remain,,,,,
154,Catfish,Primary,Protein,Seafood,Fish,3.,oz,85.0,,Uncooked,81.0,,,,,,,,,,,,,,,broodstock spawning; eggs/fry → fingerlings → grow-out,warmwater fish; cohort grow-out,Aquaculture,No,harvest food-size cohort; retain separate broodstock,,aquaculture,Common,Warm Aquatic / Wetland,warm,,75~85,,,,,,,Aquaculture,,0%,eggs/fry or fingerlings,730.0,548.0,,0.0,,30.0,730.0,"mild,sweet,clean",,Modeled as channel catfish; use tank biomass/FCR rather than crop lb/ft².,MSU reports about 18–36 months from egg to 1–2 lb food fish; starting fingerlings shortens the grow-out.,"MSU_CATFISH,USDA_FDC",https://extension.msstate.edu/agriculture/catfish/biology-catfish | https://extension.msstate.edu/agriculture/catfish/production-process-for-channel-catfish | https://fdc.nal.usda.gov/,https://extension.msstate.edu/agriculture/catfish/production-process-for-channel-catfish,Cohort Ends / Breeders Remain,,,,,
159,Clams,Primary,Protein,Seafood,Mollusk,3.,oz,85.0,,Uncooked,63.0,,,,,,,,,,,,,,,spawning; larvae → hatchery/nursery seed → grow-out,marine bivalve,Aquaculture,No,harvest market-size clams; retain separate broodstock,,aquaculture,Uncommon,Warm Marine,warm,,48~88,,,,,,,Aquaculture,,0%,hatchery seed,456.3,456.3,,0.0,,60.0,456.3,"briny,sweet,mineral",,Modeled as hard-clam aquaculture; use bed/tank stocking density rather than crop lb/ft².,UF/IFAS reports littleneck-size hard clams can be grown in roughly 12–18 months; temperature strongly controls growth.,"UF_HARD_CLAM,USDA_FDC",https://shellfish.ifas.ufl.edu/wp-content/uploads/The-Role-of-Water-Temperature-in-Hard-Clam-Aquaculture.pdf | https://fdc.nal.usda.gov/,https://shellfish.ifas.ufl.edu/wp-content/uploads/The-Role-of-Water-Temperature-in-Hard-Clam-Aquaculture.pdf,Cohort Ends / Breeders Remain,,,,,
158,Cod,Primary,Protein,Seafood,Fish,3.,oz,85.0,,Uncooked,70.0,,,,,,,,,,,,,,,spawning; eggs → larvae → juveniles → grow-out,cold marine fish; cohort grow-out,Aquaculture,No,harvest market-size cohort; retain separate broodstock,,aquaculture/special cold marine,Rare,Cold Marine,cool,,45~54,,,,,,,Aquaculture,,0%,juveniles,912.5,730.0,,0.0,,30.0,912.5,"mild,flaky,clean",,Modeled as Atlantic cod; requires cold marine recirculating production rather than a warm aquaculture tank.,Cold-water growth and market timing vary with start size; roughly two or more years is a reasonable planning horizon.,"NOAA_COD,USDA_FDC",https://repository.library.noaa.gov/view/noaa/44209/noaa_44209_DS1.pdf | https://fdc.nal.usda.gov/,https://repository.library.noaa.gov/view/noaa/44209/noaa_44209_DS1.pdf,Cohort Ends / Breeders Remain,,,,,
152,Crab,Primary,Protein,Seafood,Crustacean,3.,oz,85.0,,Uncooked,71.0,,,,,,,,,,,,,,,hatchery spawning / crablets,crustacean grow-out,Aquaculture,No,harvest market-size crab cohort; retain separate broodstock,,aquaculture,Rare,Warm Marine,warm,,79~86,,,,,,,Aquaculture,,0%,hatchery crablets,150.0,150.0,,0.0,,30.0,150.0,"sweet,briny,rich,delicate",warm marine/brackish; shelter and grading reduce cannibalism,Modeled as mud crab (Scylla serrata) aquaculture. Use tank/pen density and biomass rather than lb/ft² crop yield.,"FAO reports roughly 4–5 months from juvenile stocking to ~0.55–0.88 lb market crabs, depending on starting size and conditions.","FAO_MUD_CRAB,USDA_FDC",https://www.fao.org/4/Y2257E/y2257e05.htm | https://fdc.nal.usda.gov/,https://www.fao.org/4/Y2257E/y2257e05.htm,Cohort Ends / Breeders Remain,,,,,
153,Rats,Primary,Protein,Livestock,Rat,,,,,,,,,,,0.66,0.43,277,,,,,0,1,1,controlled domestic breeding colony,short-lived breeding mammal,Livestock,No,manual slaughter only; retain breeder colony,feed + water + breeder stock,livestock,Common,Temperate Farm & Orchard,temperate,64~79,,30~70,,,,,,Livestock,,0%,breeding pair / weaned juveniles,84.0,84.0,,0.0,,30.0,84.0,,,Whole-animal mass balance closes to 100%. The 0.23-lb remainder is kept as Other Recoverable because rat bone/skin/offal/fat shares are not yet separately calibrated; it must be routed to food/feed/rendering/compost/wastewater rather than deleted. Meat kcal covers packaged meat only.,Gestation 21–23 d; weaning ~21 d; sexual maturity 6–12 wk. The 84-d grow-out is a conservative game baseline. Meat inventory changes only when the player manually butchers a grow-out animal.,MERCK_RAT,https://www.merckvetmanual.com/en-us/veterinary/all-other-pets/rats/breeding-and-reproduction-of-rats,https://www.merckvetmanual.com/en-us/veterinary/all-other-pets/rats/breeding-and-reproduction-of-rats,Cohort Ends / Breeders Remain,,,,,
162,Roe,Primary,Protein,Seafood,Roe,0.99,oz,28.0,,Raw,40.0,,,,,,,,,,,,,,,reproductive output from mature female fish,species-dependent reproductive output,Animal Product,No,collect mature roe; method depends on species and breeding plan,mature female fish,aquaculture/processing,Rare,,,,,,,,,,,Aquaculture,,0%,mature female fish,,,,,,,,"briny,rich,marine",,Generic raw roe. Biological wait time must be inherited from the source fish species; sturgeon roe has the longest planning horizon in this catalog.,Do not apply one universal maturity age to Roe; use the upstream species record.,USDA_FDC,https://fdc.nal.usda.gov/,,Method-dependent,,,,,
150,Avocado Oil,Processed,Fat,Oil,,1.,tbsp,14.0,15.0,Processed,124.0,,,,,,,,,,,,,,,pressing / extraction,batch,Non-growing,No,extract oil from avocado flesh,Avocado,processing,Uncommon,,,,,,,,,,,,,0%,Avocado,0.0,0.0,,0.0,,0.0,0.0,"mild,buttery,neutral,rich",,Processed fat; production output should be derived from avocado flesh oil recovery rather than crop square footage.,Batch processing; no biological grow time.,USDA_FDC_AVOCADO_OIL,https://fdc.nal.usda.gov/,,Batch Ends,,,,,
172,Beef Jerky,Processed,Protein,Meat,Beef,0.99,oz,28.0,,Processed,116.0,,,,,,,,,,,,,,,slice/marinate + dry,dried batch,Non-growing,No,dry beef jerky,Beef Round + Salt,processing,Common,,,,,,,,,,,,,0%,Beef Round,2.0,2.0,,0.0,,1.0,0.0,"savory,salty,smoky,chewy",,Generic beef-jerky planning baseline; marinade and final moisture change calories.,"2 d allows preparation, marination and drying as a conservative game batch.",USDA_FDC,https://fdc.nal.usda.gov/,,Batch Ends,,,,,
161,Caviar,Processed,Protein,Seafood,Roe,1.,tbsp,16.0,15.0,Processed,42.0,,,,,,,,,,,,,,,salt-cure sturgeon roe,batch,Non-growing,No,salt/cure mature sturgeon roe,Roe + Salt,processing,Rare,,,,,,,,,,,,,0%,sturgeon roe,1.0,1.0,,0.0,,1.0,0.0,"briny,buttery,rich,umami",,Caviar is processed sturgeon roe; its real biological bottleneck is the 7–8 year female sturgeon maturity clock.,Processing is short; upstream roe maturity dominates capacity.,"UCD_STURGEON,USDA_FDC",https://www.ucdavis.edu/magazine/farming-caviar-uc-davis-innovation | https://fdc.nal.usda.gov/,https://www.ucdavis.edu/magazine/farming-caviar-uc-davis-innovation,Batch Ends,,,,,
151,Coconut Oil,Processed,Fat,Oil,,1.,tbsp,14.0,15.0,Processed,125.0,,,,,,,,,,,,,,,pressing / extraction,batch,Non-growing,No,extract oil from coconut meat/copra,Coconut,processing,Uncommon,,,,,,,,,,,,,0%,Coconut,0.0,0.0,,0.0,,0.0,0.0,"coconut,rich,sweet,nutty",,Processed fat; production output should be derived from coconut meat/copra oil recovery rather than crop square footage.,Batch processing; no biological grow time.,USDA_FDC_COCONUT_OIL,https://fdc.nal.usda.gov/,,Batch Ends,,,,,
166,Cream,Processed,Dairy,Cream,Cow,1.,tbsp,15.0,15.0,Processed,51.0,,,,,,,,,,,,,,,separate high-fat fraction from milk,batch,Non-growing,No,separate cream,Cow Milk,processing,Common,,,,,,,,,,,,,0%,Cow Milk,1.0,1.0,,0.0,,1.0,0.0,"rich,creamy,sweet",,Modeled as heavy cream; dairy production remains limited by Cow Milk.,Same-day separation/processing baseline.,USDA_FDC,https://fdc.nal.usda.gov/,,Batch Ends,,,,,
168,Ham,Processed,Protein,Meat,Pork,3.,oz,85.0,,Processed,120.0,,,,,,,,,,,,,,,cure + cook/smoke,cured batch,Non-growing,No,cure/cook ham,Pork Ham + Salt,processing,Common,,,,,,,,,,,,,0%,Pork Ham,7.0,7.0,,0.0,,1.0,0.0,"salty,savory,smoky,sweet",,This is processed ham; existing Pork Ham remains the butchered leg cut.,7 d is a game planning cure baseline for a cooked/cured ham; specialty hams vary widely.,USDA_FDC,https://fdc.nal.usda.gov/,,Batch Ends,,,,,
167,Ice Cream,Processed,Dairy,Dessert,Cow,0.5,cup,66.0,120.0,Processed,137.0,,,,,,,,,,,,,,,mix/pasteurize + churn + freeze,batch,Non-growing,No,make ice cream,Cream + Cow Milk + Sugar,processing,Common,,,,,,,,,,,,,0%,Cream + Cow Milk,1.0,1.0,,0.0,,1.0,0.0,"sweet,creamy,cold,rich",,Vanilla-style planning baseline; formulation changes calories.,One-day production/freezing baseline.,USDA_FDC,https://fdc.nal.usda.gov/,,Batch Ends,,,,,
163,Pasta Noodles,Processed,Grain,Noodles,Wheat,2.,oz,56.7,,Uncooked,200.0,,,,,,,,,,,,,,,dough mixing + extrusion/sheeting + drying,batch,Non-growing,No,make and dry pasta,Wheat Flour + Water,processing,Common,,,,,,,,,,,,,0%,Wheat Flour,1.0,1.0,,0.0,,1.0,0.0,"mild,wheaty,starchy",,Dry pasta serving baseline is 2 oz; cook before eating.,One-day production batch is a game planning baseline.,USDA_FDC,https://fdc.nal.usda.gov/,,Batch Ends,,,,,
170,Pepperoni,Processed,Protein,Meat,Pork/Beef,0.99,oz,28.0,,Processed,138.0,,,,,,,,,,,,,,,ferment + cure + dry,cured/fermented batch,Non-growing,No,make pepperoni,Pork Sausage Trim + Beef Trim + Pigs Fat + Salt,processing,Common,,,,,,,,,,,,,0%,Pork/Beef trim,21.0,21.0,,0.0,,1.0,0.0,"spicy,smoky,salty,savory",,Generic pepperoni planning baseline; meat/fat ratio and drying change calories.,21 d is a game planning cure/dry baseline; style-specific processes vary.,"USDA_FDC,GAME_BASELINE",https://fdc.nal.usda.gov/,,Batch Ends,,,,,
171,Prosciutto,Processed,Protein,Meat,Pork,0.99,oz,28.0,,Processed,70.0,,,,,,,,,,,,,,,salt cure + long air dry,long cured batch,Non-growing,No,cure and dry prosciutto,Pork Ham + Salt,processing,Rare,,,,,,,,,,,,,0%,Pork Ham,365.0,365.0,,0.0,,1.0,0.0,"salty,savory,sweet,nutty",,Long-cured whole-muscle ham; one-year value is a game baseline.,Traditional-style whole-muscle curing is long; 365 d is a planning baseline rather than a universal standard.,"USDA_FDC,GAME_BASELINE",https://fdc.nal.usda.gov/,,Batch Ends,,,,,
169,Salami,Processed,Protein,Meat,Pork,0.99,oz,28.0,,Processed,116.0,,,,,,,,,,,,,,,ferment + dry cure,cured/fermented batch,Non-growing,No,make salami,Pork Sausage Trim + Pigs Fat + Salt,processing,Uncommon,,,,,,,,,,,,,0%,Pork Sausage Trim,30.0,30.0,,0.0,,1.0,0.0,"savory,salty,tangy,fermented",,"Dry-cured salami; exact process depends on diameter, humidity and target water activity.",30 d is a game planning baseline; real curing time varies by style and diameter.,"USDA_FDC,GAME_BASELINE",https://fdc.nal.usda.gov/,,Batch Ends,,,,,
165,Sausages,Processed,Protein,Meat,Pork,3.,oz,85.0,,Processed,280.0,,,,,,,,,,,,,,,grind + season + stuff/cook,batch,Non-growing,No,make sausages,Pork Sausage Trim + Pigs Fat + Salt,processing,Common,,,,,,,,,,,,,0%,Pork Sausage Trim,1.0,1.0,,0.0,,1.0,0.0,"savory,salty,spiced,rich",,Generic pork-sausage planning baseline; formulation and cooking method change calories.,One-day production batch is a game planning baseline.,USDA_FDC,https://fdc.nal.usda.gov/,,Batch Ends,,,,,
160,Sturgeon,Primary,Protein,Seafood,Fish,3.,oz,85.0,,Uncooked,91.0,,,,,,,,,,,,,,,broodstock spawning; eggs → juveniles → grow-out,long-lived cool-water fish,Aquaculture,No,harvest meat cohort; retain separate mature females/broodstock for roe,,aquaculture,Rare,Cool Wetland,cool,,55~68,,,,,,,Aquaculture,,0%,fingerlings,2920.0,730.0,,0.0,,30.0,730.0,"firm,mild,rich",,Modeled as white sturgeon. Meat and caviar have different clocks: meat can be harvested years before mature roe.,Captive females may mature around 7–8 years; meat fish can be harvested substantially earlier.,"UCD_STURGEON,CDFW_STURGEON,USDA_FDC",https://animalscience.ucdavis.edu/people/emeriti/serge-doroshov | https://www.ucdavis.edu/magazine/farming-caviar-uc-davis-innovation | https://marinespecies.wildlife.ca.gov/white-sturgeon/the-species/ | https://fdc.nal.usda.gov/,https://www.ucdavis.edu/magazine/farming-caviar-uc-davis-innovation,Cohort Ends / Breeders Remain,,,,,
87,Sugar,Input,Fat,Sweetener,,,,,,Raw,,Dry sealed,3640.0,Yes,No,,,,,,,,,,,supply/utility,finite or system supply,Non-growing,No,consume as recipe/process input,Stored ingredient,processing input,Common,,,,,,,,,,,,,0%,existing supply,0.0,0.0,,0.0,,0.0,0.0,,,Required game input; no producer modeled.,,GAME_DATA / GAME_RECIPE,,,N/A,,,,,
38,Sweet Potato,Primary,Vegetable,Root Vegetable,,4.59,oz,130.0,,Uncooked,112.0,,,,,,,,,,,,,,,slips/vine cuttings from storage roots,perennial→annual crop,Root / Tuber,No,dig storage roots,,fits standard car,Common,Warm Subtropical,warm,70~85,,55~75,2.5,6.0,6.0,2.50,14,Deep Hydro Bed,1.50,0%,slip/vine cutting,90.0,90.0,,0.0,0.344,1.0,90.0,"sweet,earthy,starchy",,,Can take cuttings before final harvest to start the next cohort.,"UC_CONTAINER,KY_PLANTING,USDA_FDC,USDA_MyPlate",https://ucanr.edu/ | https://www2.ca.uky.edu/agcomm/pubs/id/id128/id128.pdf | https://fdc.nal.usda.gov/ | https://www.ars.usda.gov/nea/bhnrc/fsrg | https://extension.umn.edu/planting-and-growing-guides/planting-vegetable-garden,https://extension.umn.edu/vegetable-growing-guides-farmers/crop-and-field-planning-tools-vegetable-farmers,Dies / Replace,,,,,
37,Taro,Primary,Vegetable,Root Vegetable,,0.5,cup,100.0,120.0,Uncooked,142.0,,,,,,,,,,,,,,,"corm tops/headsets, side suckers, corms/cormels",perennial biologically; managed as crop cycle,Root / Tuber,No,lift corm after ~5–12 months depending cultivar,,fits standard car,Common,Tropical Wet,warm,75~85,,70~90,6.5,4.0,4.0,3.50,10,Deep Hydro Bed,1.50,0%,corm top / sucker / cormel,152.2,152.2,,0.0,0.918,1.0,152.2,"starchy,nutty,mild,earthy",,,Cultivar maturity is broad; train model should use a selected taro type.,"CTAHR_TARO,CTAHR_TARO_CULTIVAR,USDA_FDC,USDA_MyPlate",https://www.ctahr.hawaii.edu/oc/freepubs/pdf/res-140-28.pdf | https://www.ctahr.hawaii.edu/oc/freepubs/pdf/VC-10.pdf | https://fdc.nal.usda.gov/ | https://www.ars.usda.gov/nea/bhnrc/fsrg | https://edis.ifas.ufl.edu/publication/HS1499,https://www.ctahr.hawaii.edu/oc/freepubs/pdf/res-140-28.pdf,Dies / Replace,,,,,
7,Thai Basil,Primary,Vegetable,Herb,,0.25,cup,5.0,60.0,Fresh,1.0,,,,,,,,,,,,,,,seed or cutting,annual/tender perennial,Herb,Yes,cut stems/leaves repeatedly before heavy flowering,,fits standard car,Common,Warm Subtropical,warm,75~85,,55~75,4.0,2.0,2.0,1.75,21,Hydro Rack,0.50,0%,seed or cutting,45.0,30.0,,14.0,,91.3,30.0,"anise,licorice,peppery,floral",,,Treat like basil but slightly warmer; remove flowers to sustain leaf production.,"UC_HERBS,UC_ROOTS,USDA_FDC,USDA_MyPlate",https://ucanr.edu/site/uc-master-gardeners-san-luis-obispo-county/herbs-kitchen-garden | https://celosangeles.ucanr.edu/files/121762.pdf | https://fdc.nal.usda.gov/ | https://www.ars.usda.gov/nea/bhnrc/fsrg | https://extension.umn.edu/planting-and-growing-guides/planting-vegetable-garden,https://extension.umn.edu/vegetable-growing-guides-farmers/crop-and-field-planning-tools-vegetable-farmers,Regrows,,,,,
47,Thyme,Primary,Vegetable,Herb,,1.,tbsp,2.0,15.0,Fresh,2.0,,,,,,,,,,,,,,,"seed, cutting, or division",perennial,Herb,Yes,clip stems repeatedly,,fits standard car,Common,Mediterranean,temperate,60~75,,35~60,2.0,2.0,2.0,1.50,24,Hydro Rack,0.50,0%,seed/cutting/division,121.8,60.0,,30.0,,365.0,30.0,"earthy,lemony,savory,minty",,,Frequent light cuts are safer than severe harvests.,"UC_HERBS,UC_ROOTS,USDA_FDC,USDA_MyPlate",https://ucanr.edu/site/uc-master-gardeners-san-luis-obispo-county/herbs-kitchen-garden | https://celosangeles.ucanr.edu/files/121762.pdf | https://fdc.nal.usda.gov/ | https://www.ars.usda.gov/nea/bhnrc/fsrg | https://edis.ifas.ufl.edu/publication/hs402,https://extension.umn.edu/vegetable-growing-guides-farmers/crop-and-field-planning-tools-vegetable-farmers,Regrows,,,,,
85,Tilapia,Primary,Protein,Seafood,Fish,3.,oz,85.0,,Uncooked,110.0,,,,,,,,,,,,,,,broodstock spawning; eggs/fry → fingerlings → grow-out,warmwater fish; rapid cohort grow-out,Aquaculture,No,harvest market-size cohort; retain separate broodstock,,aquaculture,Common,Warm Aquatic / Wetland,warm,,80~86,,,,,,,Aquaculture,,0%,fry/fingerlings,240.0,180.0,,0.0,,30.0,240.0,"mild,clean,delicate",,Modeled as Nile tilapia aquaculture; use tank biomass/FCR rather than crop lb/ft².,"Tilapia grow best in warm water; 180–240 d is a train planning grow-out baseline, not a universal market age.","SRAC_TILAPIA,USDA_FDC",https://srac.tamu.edu/fact-sheets/serve/52 | https://fdc.nal.usda.gov/,https://srac.tamu.edu/fact-sheets/serve/52,Cohort Ends / Breeders Remain,,,,,
80,Tofu,Stocked,Protein,Soy,,3.53,oz,100.0,,Stocked,76.0,,,,,,,,,,,,,,,not modeled,stocked supply,Stocked / Input,No,use from cold storage,Soybeans,stocked only,Common,,,,,,,,,,,,,0%,current stock,0.0,0.0,,0.0,,0.0,0.0,,,Current Year 7 stock item; no tofu process route is calibrated yet.,No renewable producer currently modeled.,GAME_LIFE,,,N/A,,,,,
164,Tomato Sauce,Processed,Vegetable,Condiment,Tomato,0.5,cup,125.0,120.0,Processed,70.0,,,,,,,,,,,,,,,cook + reduce,batch,Non-growing,No,cook tomato sauce,Tomatoes + Onion + Garlic,processing,Common,,,,,,,,,,,,,0%,Tomatoes,1.0,1.0,,0.0,,1.0,0.0,"savory,acidic,sweet,umami",,"Generic tomato-sauce baseline; salt, oil and sugar can change calories.",One-day production batch is a game planning baseline.,USDA_FDC,https://fdc.nal.usda.gov/,,Batch Ends,,,,,
13,Tomatoes,Primary,Vegetable,Fruiting Vegetable,Tomato,4.34,oz,123.0,,Fresh,22.0,,,,,,,,,,,,,,,seed or cutting,tender perennial→annual crop,Vine / Bine,Yes,pick ripe fruit repeatedly,,fits standard car,Common,Warm Subtropical,warm,67~77,,55~75,16.0,4.0,4.0,8.00,1,Trellis,1.50,35%,seed or transplant,90.0,60.0,40.0,2.0,4.000,21.0,50.0,"sweet,acidic,savory,umami",,,"For train planning, stagger plants so production does not stop when an old vine is replaced.","UC_CONTAINER,USDA_FDC,USDA_MyPlate",https://ucanr.edu/ | https://fdc.nal.usda.gov/ | https://www.ars.usda.gov/nea/bhnrc/fsrg | https://extension.umn.edu/planting-and-growing-guides/planting-vegetable-garden,https://extension.umn.edu/vegetable-growing-guides-farmers/crop-and-field-planning-tools-vegetable-farmers,Continues,,,,,
84,Trout,Primary,Protein,Seafood,Fish,3.,oz,85.0,,Uncooked,162.0,,,,,,,,,,,,,,,broodstock spawning; eggs → fry → fingerlings,coldwater fish; cohort grow-out,Aquaculture,No,harvest market-size cohort; retain separate broodstock,,aquaculture,Uncommon,Cool Wetland,cool,,55~65,,,,,,,Aquaculture,,0%,eggs/fingerlings,365.0,300.0,,0.0,,30.0,365.0,"mild,clean,delicate",,Modeled as rainbow trout aquaculture; use tank/raceway biomass rather than crop lb/ft².,"Rainbow trout grow best in cool water; market timing varies with starting size, density and ration.","SRAC_TROUT,USDA_FDC",https://srac.tamu.edu/fact-sheets/serve/39 | https://fdc.nal.usda.gov/,https://srac.tamu.edu/fact-sheets/serve/39,Cohort Ends / Breeders Remain,,,,,
155,Tuna,Primary,Protein,Seafood,Fish,3.,oz,85.0,,Uncooked,109.0,,,,,,,,,,,,,,,closed-cycle broodstock/spawning is technically possible but highly specialized,large pelagic marine fish,Aquaculture,No,harvest grow-out cohort; retain dedicated broodstock only in specialized system,,special/large pelagic,Rare,Warm Marine,warm,,70~80,,,,,,,Aquaculture,,0%,juveniles,1095.0,1095.0,,0.0,,30.0,1095.0,"rich,meaty,umami",,"Primary biological species for taxonomy consistency, but ordinary tuna farming is a poor train fit: large swimming space and high feed demand.",FAO bluefin farming guidance is largely capture-based/fattening in large marine cages; do not treat this as ordinary closed-loop train capacity.,"FAO_BFT,USDA_FDC",https://www.fao.org/4/y8870e/y8870e0c.htm | https://www.fao.org/4/y8870e/y8870e0g.htm | https://fdc.nal.usda.gov/,https://www.fao.org/4/y8870e/y8870e0c.htm,Cohort Ends / Breeders Remain,,,,,
36,Turmeric,Primary,Vegetable,Spice,,1.,tsp,3.0,5.0,Fresh,9.0,,,,,,,,,,,,,,,rhizome pieces with buds,perennial→annual crop,Rhizome,No,lift mature rhizomes,,fits standard car,Common,Tropical Wet,warm,70~86,,70~90,5.0,2.0,2.0,2.50,14,Deep Hydro Bed,1.50,0%,rhizome piece with buds,213.1,213.1,,0.0,0.590,1.0,213.1,"earthy,warm,bitter,peppery",,,Leaves may remain long before rhizomes reach full maturity.,"UF_GINGER,USDA_FDC,USDA_MyPlate",https://ask.ifas.ufl.edu/publication/EP638 | https://fdc.nal.usda.gov/ | https://www.ars.usda.gov/nea/bhnrc/fsrg | https://edis.ifas.ufl.edu/publication/HS1499,https://ask.ifas.ufl.edu/publication/EP638,Dies / Replace,,,,,
91,Water,Input,Input,Water,,,,,,Raw,0.0,,,,,,,,,,,,,,,supply/utility,finite or system supply,Non-growing,No,consume as recipe/process input,Train water system,utility,Common,,,,,,,,,,,,,0%,existing supply,0.0,0.0,,0.0,,0.0,0.0,,,Required game input; no producer modeled.,,GAME_DATA / GAME_RECIPE,,,N/A,,,,,
1,Wheat,Primary,Grain,Cereal,,0.25,cup,50.0,60.0,Uncooked,164.0,Whole dry grain,1820.0,Yes,Yes,,,,,,,,,,,seed,annual,Grain / Grass,No,whole stand matures; cut/thresh grain,,fits standard car,Common,Temperate Farm & Orchard,temperate,60~75,,40~65,5.5,1.0,1.0,3.50,10,Hydro Bed,1.00,0%,seed,90.0,90.0,,0.0,0.073,1.0,90.0,"nutty,wheaty,mild",,"2025 U.S. all-wheat yield 53.3 bu/acre × 60 lb/bu ÷ 43,560 ft² = 0.07342 lb/ft². Area-density field yield; never a one-plant or one-seed production value.",,"NCSU_WHEAT,USDA_FDC,USDA_MyPlate,USDA_NASS_2025,USU_WHEAT_STORAGE,USU_GRAIN_STORAGE",https://plants.ces.ncsu.edu/plants/triticum-aestivum/ | https://fdc.nal.usda.gov/ | https://www.ars.usda.gov/nea/bhnrc/fsrg | https://extension.umn.edu/vegetable-growing-guides-farmers/crop-and-field-planning-tools-vegetable-farmers | https://www.nass.usda.gov/Publications/Todays_Reports/reports/cropan26.pdf | https://extension.usu.edu/preserve-the-harvest/research/storing-wheat | https://extension.usu.edu/preserve-the-harvest/files/Food-Storage-Booklet.pdf,https://extension.umn.edu/vegetable-growing-guides-farmers/crop-and-field-planning-tools-vegetable-farmers,Dies / Replace,,,,,
54,Wheat Flour,Processed,Grain,Flour,,0.25,cup,30.0,60.0,Uncooked,109.0,Dry flour,364.0,Yes,No,,,,,,,,,,,,,Non-growing,No,,Wheat,not grow crop,Common,Processing / no grow climate,,,,,,,,,,,,0%,clean dry wheat grain,0.0,1.0,,0.0,,0.0,0.0,"wheaty,mild,starchy",Processed derivative; climate belongs to upstream Wheat grain.,,Biological replenishment belongs to Wheat grain.,"USDA_FDC,USDA_MyPlate,USDA_FSIS_SHELF",https://fdc.nal.usda.gov/ | https://www.ars.usda.gov/nea/bhnrc/fsrg | https://www.fsis.usda.gov/food-safety/safe-food-handling-and-preparation/food-safety-basics/shelf-stable-food,https://extension.umn.edu/vegetable-growing-guides-farmers/crop-and-field-planning-tools-vegetable-farmers,Batch Ends,,,,,
65,Whey,Processed,Dairy,Whey,,3.38,fl oz,100.0,100.0,Processed,27.0,,,,,,,,,,,,,,,cheese byproduct,batch,Non-growing,No,collect whey,Cow Milk → Cheese,processing,Common,,,,,,,,,,,,,0%,Cow Milk,1.0,1.0,,0.0,,0.0,0.0,,,"Game kcal density is 1,022 kcal/gal; produced alongside cheese.",Explicit milk_to_cheese byproduct.,GAME_DATA_V3,,,Batch Ends,,,,,
83,White Wine,Stocked,Beverage,Wine,,,,,,Stocked,,,,,,,,,,,,,,,,not modeled,stocked supply,Stocked / Input,No,use from cold storage,Grapes,stocked only,Uncommon,,,,,,,,,,,,,0%,current stock,0.0,0.0,,0.0,,0.0,0.0,,,Current Year 7 stock item; fermentation route is not yet calibrated.,No renewable producer currently modeled.,GAME_LIFE,,,N/A,,,,,
147,Worms,Primary,Protein,Worm,,,,,,Raw,,,,,,,,,,,,,,,,cocoons / breeding bin,perennial breeding culture,Insect / Worm,Yes,harvest up to ~10% of biomass weekly; retain breeders,plant scraps + damp bedding,stacked vermiculture bins,Common,Cool Temperate,temperate,55~77,,70~90,0.5,0.5,0.5,,,Vermiculture,,0%,established red wiggler bin,45.0,60.0,,7.0,,365.0,60.0,,"Keep bedding dark, damp and aerobic; humidity field is a proxy for a moist bin, not room RH.",Red wigglers are the confined-bin species; ordinary garden earthworms are not the baseline.,OSU reports sexual maturity in about 30–45 days and population doubling in about 60 days. Oklahoma State notes roughly 10% of worm biomass can be withdrawn weekly under good conditions.,"OSU_WORMS,OSU_VERMICOMPOST",https://extension.oregonstate.edu/catalog/em-9034-composting-worms | https://extension.okstate.edu/fact-sheets/the-basics-of-vermicomposting,https://extension.oregonstate.edu/catalog/em-9034-composting-worms,Continues,,,,,
82,Yogurt,Stocked,Dairy,Yogurt,,3.53,oz,100.0,,Stocked,61.0,,,,,,,,,,,,,,,not modeled,stocked supply,Stocked / Input,No,use from cold storage,Milk,stocked only,Common,,,,,,,,,,,,,0%,current stock,0.0,0.0,,0.0,,0.0,0.0,,,Current Year 7 stock item; yogurt production route is not yet calibrated.,No renewable producer currently modeled.,GAME_LIFE,,,N/A,,,,,
174,Cattle,Primary,Protein,Livestock,Cattle,,,,,,,,,,,1100.00,440.00,498952,39,110,102,77,332,1100,1,breeding herd,long-lived breeding mammal,Livestock,No,manual slaughter only; retain breeding herd,feed + water + breeder stock,livestock,Rare,Temperate Farm & Orchard,temperate,,,,,,,,,Livestock,,0%,calf / breeding herd,730.0,730.0,,0.0,,0.0,730.0,,,"Whole-animal mass balance: 440 lb packaged meat + 38.5 lb offal + 110 lb renderable fat + 102.3 lb bones + 77 lb hide + 332.2 lb other recoverable = 1,100 lb live weight. Other recoverable includes blood, head/feet/non-meat trim, gut contents/manure, fluids and similar material for rendering, feed, compost or wastewater. No slaughter mass may disappear.","Meat inventory changes only when the player manually butchers an eligible animal. Dairy females: full modeled milk output through 305 DIM; rebreed flag at 305, red/urgent flag at 600; milk reaches 0% at 730 DIM unless a pregnancy dry period ends lactation sooner.","GAME_LIVESTOCK_V3,GAME_DAIRY_CURVE",https://github.com/MSheehy90/living-food-chain-sim/blob/main/snowpiercer/snowpiercer-production-formula-v1.js,https://github.com/MSheehy90/living-food-chain-sim/blob/main/snowpiercer/snowpiercer-livestock-fertility-v8.js,Cohort Ends / Breeders Remain,305,305,600,730,Dairy cows: 0–305 d = 100%; 306–600 d = exponential decline to 50%; 601–730 d = linear decline from 50% to 0%; >=730 d = 0%
175,Chickens,Primary,Protein,Livestock,Chicken,,,,,,,,,,,5.00,2.90,2499,0,0,1,0,1,5,1,breeding flock / incubation,poultry breeding flock,Livestock,No,manual slaughter only; retain breeders and layers,feed + water + breeder stock,livestock,Common,Temperate Farm & Orchard,temperate,,,,,,,,,Livestock,,0%,chick / breeding flock,140.0,140.0,,0.0,,0.0,140.0,,,Whole-animal mass balance: 2.9 lb packaged meat + 0.3 lb offal + 0.25 lb fat + 0.7 lb bones + 0.325 lb feathers + 0.525 lb other recoverable = 5 lb live weight. Every output remains an inventory/resource stream; no slaughter mass may disappear.,Meat inventory changes only when the player manually butchers a selected bird or cohort.,GAME_LIVESTOCK_V3,https://github.com/MSheehy90/living-food-chain-sim/blob/main/snowpiercer/snowpiercer-data-v3.js,https://github.com/MSheehy90/living-food-chain-sim/blob/main/snowpiercer/snowpiercer-data-v3.js,Cohort Ends / Breeders Remain,,,,,
176,Goats,Primary,Protein,Livestock,Goat,,,,,,,,,,,70.00,26.50,17189,4,3,9,5,23,70,1,breeding herd,breeding small ruminant,Livestock,No,manual slaughter only; retain breeding herd,feed + water + breeder stock,livestock,Uncommon,Temperate Farm & Orchard,temperate,,,,,,,,,Livestock,,0%,kid / breeding herd,365.0,365.0,,0.0,,0.0,365.0,,,Whole-animal mass balance: 26.5 lb packaged meat + 4 lb offal + 3 lb fat + 9 lb bones + 5 lb hide + 22.5 lb other recoverable = 70 lb live weight. Every output remains an inventory/resource stream; no slaughter mass may disappear.,Meat inventory changes only when the player manually butchers an eligible animal.,GAME_LIVESTOCK_V3,https://github.com/MSheehy90/living-food-chain-sim/blob/main/snowpiercer/snowpiercer-data-v3.js,https://github.com/MSheehy90/living-food-chain-sim/blob/main/snowpiercer/snowpiercer-data-v3.js,Cohort Ends / Breeders Remain,,,,,
177,Pigs,Primary,Protein,Livestock,Pig,,,,,,,,,,,250.00,90.00,118388,10,22,18,0,110,250,1,breeding herd,breeding swine herd,Livestock,No,manual slaughter only; retain breeding herd,feed + water + breeder stock,livestock,Uncommon,Temperate Farm & Orchard,temperate,,,,,,,,,Livestock,,0%,piglet / breeding herd,180.0,180.0,,0.0,,0.0,180.0,,,Whole-animal mass balance: 90 lb packaged meat + 10 lb offal + 22 lb fat + 18 lb bones + 110 lb other recoverable = 250 lb live weight. Skin and other unseparated material remain inside Other Recoverable until a dedicated split is calibrated. No slaughter mass may disappear.,Meat inventory changes only when the player manually butchers an eligible animal.,GAME_LIVESTOCK_V3,https://github.com/MSheehy90/living-food-chain-sim/blob/main/snowpiercer/snowpiercer-data-v3.js,https://github.com/MSheehy90/living-food-chain-sim/blob/main/snowpiercer/snowpiercer-data-v3.js,Cohort Ends / Breeders Remain,,,,,
178,Sheep,Primary,Protein,Livestock,Sheep,,,,,,,,,,,110.00,30.00,38374,4,4,10,14,48,110,1,breeding flock,breeding small ruminant,Livestock,No,manual slaughter only; retain breeding flock,feed + water + breeder stock,livestock,Uncommon,Temperate Farm & Orchard,temperate,,,,,,,,,Livestock,,0%,lamb / breeding flock,365.0,365.0,,0.0,,0.0,365.0,,,Whole-animal mass balance: 30 lb packaged meat + 4 lb offal + 4 lb fat + 10 lb bones + 14 lb hide/fleece (6 lb hide + 8 lb fleece) + 48 lb other recoverable = 110 lb live weight. Every output remains an inventory/resource stream; no slaughter mass may disappear.,Meat inventory changes only when the player manually butchers an eligible animal.,GAME_LIVESTOCK_V3,https://github.com/MSheehy90/living-food-chain-sim/blob/main/snowpiercer/snowpiercer-data-v3.js,https://github.com/MSheehy90/living-food-chain-sim/blob/main/snowpiercer/snowpiercer-data-v3.js,Cohort Ends / Breeders Remain,,,,,
179,Dry-Aged Beef Ribeye,Processed,Protein,Meat,Beef,3.53,oz,100.0,,Uncooked,250.0,Refrigerated trimmed steak,4.9,No,No,,,,,,,,,,,unpackaged cold aging + trim,dry-aged batch,Non-growing,No,age + trim + portion,Beef Ribeye,processing / cold room,Rare,,,32~39,,75~85,,,,,,,,0%,Beef Ribeye,28.0,28.0,,0.0,,1.0,0.0,"nutty,beefy,umami,buttery",Controlled dry-aging room; refrigerated around 32–39°F and roughly 75–85% RH with continuous airflow.,28-day dry-aging baseline. Dry aging develops flavor/tenderness but is not room-temperature preservation; moisture and trim reduce saleable weight.,28 d baseline; USDA commercial beef aging spans about 10 d–6 wk.,"USDA_BEEF_AGING,BEEF_DRY_AGING",https://www.fsis.usda.gov/food-safety/safe-food-handling-and-preparation/meat-catfish/beef-farm-table | https://www.beefresearch.org/Media/BeefResearch/Docs/dry_aging_of_beef_08-20-2020-28.pdf,https://www.fsis.usda.gov/food-safety/safe-food-handling-and-preparation/meat-catfish/beef-farm-table | https://www.beefresearch.org/Media/BeefResearch/Docs/dry_aging_of_beef_08-20-2020-28.pdf,Batch Ends,,,,,
180,Dry-Aged Beef Strip,Processed,Protein,Meat,Beef,3.53,oz,100.0,,Uncooked,250.0,Refrigerated trimmed steak,4.9,No,No,,,,,,,,,,,unpackaged cold aging + trim,dry-aged batch,Non-growing,No,age + trim + portion,Beef Strip,processing / cold room,Rare,,,32~39,,75~85,,,,,,,,0%,Beef Strip,28.0,28.0,,0.0,,1.0,0.0,"nutty,beefy,umami,concentrated",Controlled dry-aging room; refrigerated around 32–39°F and roughly 75–85% RH with continuous airflow.,28-day dry-aging baseline. Dry aging develops flavor/tenderness but is not room-temperature preservation; moisture and trim reduce saleable weight.,28 d baseline; USDA commercial beef aging spans about 10 d–6 wk.,"USDA_BEEF_AGING,BEEF_DRY_AGING",https://www.fsis.usda.gov/food-safety/safe-food-handling-and-preparation/meat-catfish/beef-farm-table | https://www.beefresearch.org/Media/BeefResearch/Docs/dry_aging_of_beef_08-20-2020-28.pdf,https://www.fsis.usda.gov/food-safety/safe-food-handling-and-preparation/meat-catfish/beef-farm-table | https://www.beefresearch.org/Media/BeefResearch/Docs/dry_aging_of_beef_08-20-2020-28.pdf,Batch Ends,,,,,
181,Dry-Aged Beef Sirloin,Processed,Protein,Meat,Beef,3.53,oz,100.0,,Uncooked,250.0,Refrigerated trimmed steak,4.9,No,No,,,,,,,,,,,unpackaged cold aging + trim,dry-aged batch,Non-growing,No,age + trim + portion,Beef Sirloin,processing / cold room,Rare,,,32~39,,75~85,,,,,,,,0%,Beef Sirloin,28.0,28.0,,0.0,,1.0,0.0,"beefy,nutty,savory,concentrated",Controlled dry-aging room; refrigerated around 32–39°F and roughly 75–85% RH with continuous airflow.,28-day dry-aging baseline. Dry aging develops flavor/tenderness but is not room-temperature preservation; moisture and trim reduce saleable weight.,28 d baseline; USDA commercial beef aging spans about 10 d–6 wk.,"USDA_BEEF_AGING,BEEF_DRY_AGING",https://www.fsis.usda.gov/food-safety/safe-food-handling-and-preparation/meat-catfish/beef-farm-table | https://www.beefresearch.org/Media/BeefResearch/Docs/dry_aging_of_beef_08-20-2020-28.pdf,https://www.fsis.usda.gov/food-safety/safe-food-handling-and-preparation/meat-catfish/beef-farm-table | https://www.beefresearch.org/Media/BeefResearch/Docs/dry_aging_of_beef_08-20-2020-28.pdf,Batch Ends,,,,,
182,Dry-Aged Lamb Loin,Processed,Protein,Meat,Lamb,3.53,oz,100.0,,Uncooked,282.0,Refrigerated trimmed loin,4.9,No,No,,,,,,,,,,,unpackaged cold aging + trim,dry-aged batch,Non-growing,No,age + trim + portion,Lamb Loin,processing / cold room,Rare,,,32~39,,75~85,,,,,,,,0%,Lamb Loin,21.0,21.0,,0.0,,1.0,0.0,"rich,nutty,gamey,savory","Controlled commercial aging room with refrigeration, humidity control and airflow.",21-day aging baseline for a high-value lamb loin. Aging improves tenderness/flavor but does not make raw lamb shelf stable.,21 d game baseline within USDA's roughly 10 d–6 wk commercial aging range.,USDA_LAMB_AGING,https://www.fsis.usda.gov/food-safety/safe-food-handling-and-preparation/meat-catfish/lamb-farm-table,https://www.fsis.usda.gov/food-safety/safe-food-handling-and-preparation/meat-catfish/lamb-farm-table,Batch Ends,,,,,
183,Dry-Aged Lamb Rack,Processed,Protein,Meat,Lamb,3.53,oz,100.0,,Uncooked,282.0,Refrigerated trimmed rack,4.9,No,No,,,,,,,,,,,unpackaged cold aging + trim,dry-aged batch,Non-growing,No,age + trim + portion,Lamb Rack/Ribs,processing / cold room,Rare,,,32~39,,75~85,,,,,,,,0%,Lamb Rack/Ribs,21.0,21.0,,0.0,,1.0,0.0,"rich,nutty,gamey,concentrated","Controlled commercial aging room with refrigeration, humidity control and airflow.",21-day aging baseline for a high-value lamb rack. Aging improves tenderness/flavor but does not make raw lamb shelf stable.,21 d game baseline within USDA's roughly 10 d–6 wk commercial aging range.,USDA_LAMB_AGING,https://www.fsis.usda.gov/food-safety/safe-food-handling-and-preparation/meat-catfish/lamb-farm-table,https://www.fsis.usda.gov/food-safety/safe-food-handling-and-preparation/meat-catfish/lamb-farm-table,Batch Ends,,,,,
,,,,,,,,,,,,,,,,,,,,,,,,,,,,,,,,,,,,,,,,,,,,,,,,,,,,,,,,,,,,,,,,,,,
,,,,,,,,,,,,,,,,,,,,,,,,,,,,,,,,,,,,,,,,,,,,,,,,,,,,,,,,,,,,,,,,,,,
,,,,,,,,,,,,,,,,,,,,,,,,,,,,,,,,,,,,,,,,,,,,,,,,,,,,,,,,,,,,,,,,,,,
,,,,,,,,,,,,,,,,,,,,,,,,,,,,,,,,,,,,,,,,,,,,,,,,,,,,,,,,,,,,,,,,,,,
,,,,,,,,,,,,,,,,,,,,,,,,,,,,,,,,,,,,,,,,,,,,,,,,,,,,,,,,,,,,,,,,,,,
,,,,,,,,,,,,,,,,,,,,,,,,,,,,,,,,,,,,,,,,,,,,,,,,,,,,,,,,,,,,,,,,,,,
,,,,,,,,,,,,,,,,,,,,,,,,,,,,,,,,,,,,,,,,,,,,,,,,,,,,,,,,,,,,,,,,,,,
,,,,,,,,,,,,,,,,,,,,,,,,,,,,,,,,,,,,,,,,,,,,,,,,,,,,,,,,,,,,,,,,,,,
,,,,,,,,,,,,,,,,,,,,,,,,,,,,,,,,,,,,,,,,,,,,,,,,,,,,,,,,,,,,,,,,,,,
,,,,,,,,,,,,,,,,,,,,,,,,,,,,,,,,,,,,,,,,,,,,,,,,,,,,,,,,,,,,,,,,,,,
,,,,,,,,,,,,,,,,,,,,,,,,,,,,,,,,,,,,,,,,,,,,,,,,,,,,,,,,,,,,,,,,,,,
,,,,,,,,,,,,,,,,,,,,,,,,,,,,,,,,,,,,,,,,,,,,,,,,,,,,,,,,,,,,,,,,,,,
,,,,,,,,,,,,,,,,,,,,,,,,,,,,,,,,,,,,,,,,,,,,,,,,,,,,,,,,,,,,,,,,,,,
,,,,,,,,,,,,,,,,,,,,,,,,,,,,,,,,,,,,,,,,,,,,,,,,,,,,,,,,,,,,,,,,,,,
,,,,,,,,,,,,,,,,,,,,,,,,,,,,,,,,,,,,,,,,,,,,,,,,,,,,,,,,,,,,,,,,,,,
,,,,,,,,,,,,,,,,,,,,,,,,,,,,,,,,,,,,,,,,,,,,,,,,,,,,,,,,,,,,,,,,,,,
,,,,,,,,,,,,,,,,,,,,,,,,,,,,,,,,,,,,,,,,,,,,,,,,,,,,,,,,,,,,,,,,,,,
,,,,,,,,,,,,,,,,,,,,,,,,,,,,,,,,,,,,,,,,,,,,,,,,,,,,,,,,,,,,,,,,,,,
,,,,,,,,,,,,,,,,,,,,,,,,,,,,,,,,,,,,,,,,,,,,,,,,,,,,,,,,,,,,,,,,,,,
,,,,,,,,,,,,,,,,,,,,,,,,,,,,,,,,,,,,,,,,,,,,,,,,,,,,,,,,,,,,,,,,,,,
,,,,,,,,,,,,,,,,,,,,,,,,,,,,,,,,,,,,,,,,,,,,,,,,,,,,,,,,,,,,,,,,,,,
,,,,,,,,,,,,,,,,,,,,,,,,,,,,,,,,,,,,,,,,,,,,,,,,,,,,,,,,,,,,,,,,,,,
,,,,,,,,,,,,,,,,,,,,,,,,,,,,,,,,,,,,,,,,,,,,,,,,,,,,,,,,,,,,,,,,,,,
,,,,,,,,,,,,,,,,,,,,,,,,,,,,,,,,,,,,,,,,,,,,,,,,,,,,,,,,,,,,,,,,,,,
,,,,,,,,,,,,,,,,,,,,,,,,,,,,,,,,,,,,,,,,,,,,,,,,,,,,,,,,,,,,,,,,,,,
,,,,,,,,,,,,,,,,,,,,,,,,,,,,,,,,,,,,,,,,,,,,,,,,,,,,,,,,,,,,,,,,,,,
,,,,,,,,,,,,,,,,,,,,,,,,,,,,,,,,,,,,,,,,,,,,,,,,,,,,,,,,,,,,,,,,,,,
,,,,,,,,,,,,,,,,,,,,,,,,,,,,,,,,,,,,,,,,,,,,,,,,,,,,,,,,,,,,,,,,,,,
,,,,,,,,,,,,,,,,,,,,,,,,,,,,,,,,,,,,,,,,,,,,,,,,,,,,,,,,,,,,,,,,,,,
,,,,,,,,,,,,,,,,,,,,,,,,,,,,,,,,,,,,,,,,,,,,,,,,,,,,,,,,,,,,,,,,,,,
,,,,,,,,,,,,,,,,,,,,,,,,,,,,,,,,,,,,,,,,,,,,,,,,,,,,,,,,,,,,,,,,,,,
,,,,,,,,,,,,,,,,,,,,,,,,,,,,,,,,,,,,,,,,,,,,,,,,,,,,,,,,,,,,,,,,,,,
,,,,,,,,,,,,,,,,,,,,,,,,,,,,,,,,,,,,,,,,,,,,,,,,,,,,,,,,,,,,,,,,,,,
,,,,,,,,,,,,,,,,,,,,,,,,,,,,,,,,,,,,,,,,,,,,,,,,,,,,,,,,,,,,,,,,,,,
,,,,,,,,,,,,,,,,,,,,,,,,,,,,,,,,,,,,,,,,,,,,,,,,,,,,,,,,,,,,,,,,,,,
,,,,,,,,,,,,,,,,,,,,,,,,,,,,,,,,,,,,,,,,,,,,,,,,,,,,,,,,,,,,,,,,,,,
,,,,,,,,,,,,,,,,,,,,,,,,,,,,,,,,,,,,,,,,,,,,,,,,,,,,,,,,,,,,,,,,,,,
,,,,,,,,,,,,,,,,,,,,,,,,,,,,,,,,,,,,,,,,,,,,,,,,,,,,,,,,,,,,,,,,,,,
,,,,,,,,,,,,,,,,,,,,,,,,,,,,,,,,,,,,,,,,,,,,,,,,,,,,,,,,,,,,,,,,,,,
,,,,,,,,,,,,,,,,,,,,,,,,,,,,,,,,,,,,,,,,,,,,,,,,,,,,,,,,,,,,,,,,,,,
,,,,,,,,,,,,,,,,,,,,,,,,,,,,,,,,,,,,,,,,,,,,,,,,,,,,,,,,,,,,,,,,,,,
,,,,,,,,,,,,,,,,,,,,,,,,,,,,,,,,,,,,,,,,,,,,,,,,,,,,,,,,,,,,,,,,,,,
,,,,,,,,,,,,,,,,,,,,,,,,,,,,,,,,,,,,,,,,,,,,,,,,,,,,,,,,,,,,,,,,,,,
,,,,,,,,,,,,,,,,,,,,,,,,,,,,,,,,,,,,,,,,,,,,,,,,,,,,,,,,,,,,,,,,,,,
,,,,,,,,,,,,,,,,,,,,,,,,,,,,,,,,,,,,,,,,,,,,,,,,,,,,,,,,,,,,,,,,,,,
,,,,,,,,,,,,,,,,,,,,,,,,,,,,,,,,,,,,,,,,,,,,,,,,,,,,,,,,,,,,,,,,,,,
,,,,,,,,,,,,,,,,,,,,,,,,,,,,,,,,,,,,,,,,,,,,,,,,,,,,,,,,,,,,,,,,,,,
,,,,,,,,,,,,,,,,,,,,,,,,,,,,,,,,,,,,,,,,,,,,,,,,,,,,,,,,,,,,,,,,,,,
,,,,,,,,,,,,,,,,,,,,,,,,,,,,,,,,,,,,,,,,,,,,,,,,,,,,,,,,,,,,,,,,,,,
,,,,,,,,,,,,,,,,,,,,,,,,,,,,,,,,,,,,,,,,,,,,,,,,,,,,,,,,,,,,,,,,,,,
,,,,,,,,,,,,,,,,,,,,,,,,,,,,,,,,,,,,,,,,,,,,,,,,,,,,,,,,,,,,,,,,,,,
,,,,,,,,,,,,,,,,,,,,,,,,,,,,,,,,,,,,,,,,,,,,,,,,,,,,,,,,,,,,,,,,,,,
,,,,,,,,,,,,,,,,,,,,,,,,,,,,,,,,,,,,,,,,,,,,,,,,,,,,,,,,,,,,,,,,,,,
,,,,,,,,,,,,,,,,,,,,,,,,,,,,,,,,,,,,,,,,,,,,,,,,,,,,,,,,,,,,,,,,,,,
,,,,,,,,,,,,,,,,,,,,,,,,,,,,,,,,,,,,,,,,,,,,,,,,,,,,,,,,,,,,,,,,,,,
,,,,,,,,,,,,,,,,,,,,,,,,,,,,,,,,,,,,,,,,,,,,,,,,,,,,,,,,,,,,,,,,,,,
,,,,,,,,,,,,,,,,,,,,,,,,,,,,,,,,,,,,,,,,,,,,,,,,,,,,,,,,,,,,,,,,,,,
,,,,,,,,,,,,,,,,,,,,,,,,,,,,,,,,,,,,,,,,,,,,,,,,,,,,,,,,,,,,,,,,,,,
,,,,,,,,,,,,,,,,,,,,,,,,,,,,,,,,,,,,,,,,,,,,,,,,,,,,,,,,,,,,,,,,,,,
,,,,,,,,,,,,,,,,,,,,,,,,,,,,,,,,,,,,,,,,,,,,,,,,,,,,,,,,,,,,,,,,,,,
,,,,,,,,,,,,,,,,,,,,,,,,,,,,,,,,,,,,,,,,,,,,,,,,,,,,,,,,,,,,,,,,,,,
,,,,,,,,,,,,,,,,,,,,,,,,,,,,,,,,,,,,,,,,,,,,,,,,,,,,,,,,,,,,,,,,,,,
,,,,,,,,,,,,,,,,,,,,,,,,,,,,,,,,,,,,,,,,,,,,,,,,,,,,,,,,,,,,,,,,,,,
,,,,,,,,,,,,,,,,,,,,,,,,,,,,,,,,,,,,,,,,,,,,,,,,,,,,,,,,,,,,,,,,,,,
,,,,,,,,,,,,,,,,,,,,,,,,,,,,,,,,,,,,,,,,,,,,,,,,,,,,,,,,,,,,,,,,,,,
,,,,,,,,,,,,,,,,,,,,,,,,,,,,,,,,,,,,,,,,,,,,,,,,,,,,,,,,,,,,,,,,,,,
,,,,,,,,,,,,,,,,,,,,,,,,,,,,,,,,,,,,,,,,,,,,,,,,,,,,,,,,,,,,,,,,,,,
,,,,,,,,,,,,,,,,,,,,,,,,,,,,,,,,,,,,,,,,,,,,,,,,,,,,,,,,,,,,,,,,,,,
,,,,,,,,,,,,,,,,,,,,,,,,,,,,,,,,,,,,,,,,,,,,,,,,,,,,,,,,,,,,,,,,,,,
,,,,,,,,,,,,,,,,,,,,,,,,,,,,,,,,,,,,,,,,,,,,,,,,,,,,,,,,,,,,,,,,,,,
,,,,,,,,,,,,,,,,,,,,,,,,,,,,,,,,,,,,,,,,,,,,,,,,,,,,,,,,,,,,,,,,,,,
,,,,,,,,,,,,,,,,,,,,,,,,,,,,,,,,,,,,,,,,,,,,,,,,,,,,,,,,,,,,,,,,,,,
,,,,,,,,,,,,,,,,,,,,,,,,,,,,,,,,,,,,,,,,,,,,,,,,,,,,,,,,,,,,,,,,,,,
,,,,,,,,,,,,,,,,,,,,,,,,,,,,,,,,,,,,,,,,,,,,,,,,,,,,,,,,,,,,,,,,,,,
,,,,,,,,,,,,,,,,,,,,,,,,,,,,,,,,,,,,,,,,,,,,,,,,,,,,,,,,,,,,,,,,,,,
,,,,,,,,,,,,,,,,,,,,,,,,,,,,,,,,,,,,,,,,,,,,,,,,,,,,,,,,,,,,,,,,,,,
,,,,,,,,,,,,,,,,,,,,,,,,,,,,,,,,,,,,,,,,,,,,,,,,,,,,,,,,,,,,,,,,,,,
,,,,,,,,,,,,,,,,,,,,,,,,,,,,,,,,,,,,,,,,,,,,,,,,,,,,,,,,,,,,,,,,,,,
,,,,,,,,,,,,,,,,,,,,,,,,,,,,,,,,,,,,,,,,,,,,,,,,,,,,,,,,,,,,,,,,,,,
,,,,,,,,,,,,,,,,,,,,,,,,,,,,,,,,,,,,,,,,,,,,,,,,,,,,,,,,,,,,,,,,,,,
,,,,,,,,,,,,,,,,,,,,,,,,,,,,,,,,,,,,,,,,,,,,,,,,,,,,,,,,,,,,,,,,,,,
,,,,,,,,,,,,,,,,,,,,,,,,,,,,,,,,,,,,,,,,,,,,,,,,,,,,,,,,,,,,,,,,,,,
,,,,,,,,,,,,,,,,,,,,,,,,,,,,,,,,,,,,,,,,,,,,,,,,,,,,,,,,,,,,,,,,,,,
,,,,,,,,,,,,,,,,,,,,,,,,,,,,,,,,,,,,,,,,,,,,,,,,,,,,,,,,,,,,,,,,,,,
,,,,,,,,,,,,,,,,,,,,,,,,,,,,,,,,,,,,,,,,,,,,,,,,,,,,,,,,,,,,,,,,,,,
,,,,,,,,,,,,,,,,,,,,,,,,,,,,,,,,,,,,,,,,,,,,,,,,,,,,,,,,,,,,,,,,,,,
,,,,,,,,,,,,,,,,,,,,,,,,,,,,,,,,,,,,,,,,,,,,,,,,,,,,,,,,,,,,,,,,,,,
,,,,,,,,,,,,,,,,,,,,,,,,,,,,,,,,,,,,,,,,,,,,,,,,,,,,,,,,,,,,,,,,,,,
,,,,,,,,,,,,,,,,,,,,,,,,,,,,,,,,,,,,,,,,,,,,,,,,,,,,,,,,,,,,,,,,,,,
,,,,,,,,,,,,,,,,,,,,,,,,,,,,,,,,,,,,,,,,,,,,,,,,,,,,,,,,,,,,,,,,,,,
,,,,,,,,,,,,,,,,,,,,,,,,,,,,,,,,,,,,,,,,,,,,,,,,,,,,,,,,,,,,,,,,,,,
,,,,,,,,,,,,,,,,,,,,,,,,,,,,,,,,,,,,,,,,,,,,,,,,,,,,,,,,,,,,,,,,,,,
,,,,,,,,,,,,,,,,,,,,,,,,,,,,,,,,,,,,,,,,,,,,,,,,,,,,,,,,,,,,,,,,,,,
,,,,,,,,,,,,,,,,,,,,,,,,,,,,,,,,,,,,,,,,,,,,,,,,,,,,,,,,,,,,,,,,,,,
,,,,,,,,,,,,,,,,,,,,,,,,,,,,,,,,,,,,,,,,,,,,,,,,,,,,,,,,,,,,,,,,,,,
,,,,,,,,,,,,,,,,,,,,,,,,,,,,,,,,,,,,,,,,,,,,,,,,,,,,,,,,,,,,,,,,,,,
,,,,,,,,,,,,,,,,,,,,,,,,,,,,,,,,,,,,,,,,,,,,,,,,,,,,,,,,,,,,,,,,,,,
,,,,,,,,,,,,,,,,,,,,,,,,,,,,,,,,,,,,,,,,,,,,,,,,,,,,,,,,,,,,,,,,,,,
,,,,,,,,,,,,,,,,,,,,,,,,,,,,,,,,,,,,,,,,,,,,,,,,,,,,,,,,,,,,,,,,,,,
,,,,,,,,,,,,,,,,,,,,,,,,,,,,,,,,,,,,,,,,,,,,,,,,,,,,,,,,,,,,,,,,,,,
,,,,,,,,,,,,,,,,,,,,,,,,,,,,,,,,,,,,,,,,,,,,,,,,,,,,,,,,,,,,,,,,,,,
,,,,,,,,,,,,,,,,,,,,,,,,,,,,,,,,,,,,,,,,,,,,,,,,,,,,,,,,,,,,,,,,,,,
,,,,,,,,,,,,,,,,,,,,,,,,,,,,,,,,,,,,,,,,,,,,,,,,,,,,,,,,,,,,,,,,,,,
,,,,,,,,,,,,,,,,,,,,,,,,,,,,,,,,,,,,,,,,,,,,,,,,,,,,,,,,,,,,,,,,,,,
,,,,,,,,,,,,,,,,,,,,,,,,,,,,,,,,,,,,,,,,,,,,,,,,,,,,,,,,,,,,,,,,,,,
,,,,,,,,,,,,,,,,,,,,,,,,,,,,,,,,,,,,,,,,,,,,,,,,,,,,,,,,,,,,,,,,,,,
,,,,,,,,,,,,,,,,,,,,,,,,,,,,,,,,,,,,,,,,,,,,,,,,,,,,,,,,,,,,,,,,,,,
,,,,,,,,,,,,,,,,,,,,,,,,,,,,,,,,,,,,,,,,,,,,,,,,,,,,,,,,,,,,,,,,,,,
,,,,,,,,,,,,,,,,,,,,,,,,,,,,,,,,,,,,,,,,,,,,,,,,,,,,,,,,,,,,,,,,,,,
,,,,,,,,,,,,,,,,,,,,,,,,,,,,,,,,,,,,,,,,,,,,,,,,,,,,,,,,,,,,,,,,,,,
,,,,,,,,,,,,,,,,,,,,,,,,,,,,,,,,,,,,,,,,,,,,,,,,,,,,,,,,,,,,,,,,,,,
,,,,,,,,,,,,,,,,,,,,,,,,,,,,,,,,,,,,,,,,,,,,,,,,,,,,,,,,,,,,,,,,,,,
,,,,,,,,,,,,,,,,,,,,,,,,,,,,,,,,,,,,,,,,,,,,,,,,,,,,,,,,,,,,,,,,,,,
,,,,,,,,,,,,,,,,,,,,,,,,,,,,,,,,,,,,,,,,,,,,,,,,,,,,,,,,,,,,,,,,,,,
,,,,,,,,,,,,,,,,,,,,,,,,,,,,,,,,,,,,,,,,,,,,,,,,,,,,,,,,,,,,,,,,,,,
,,,,,,,,,,,,,,,,,,,,,,,,,,,,,,,,,,,,,,,,,,,,,,,,,,,,,,,,,,,,,,,,,,,
,,,,,,,,,,,,,,,,,,,,,,,,,,,,,,,,,,,,,,,,,,,,,,,,,,,,,,,,,,,,,,,,,,,
,,,,,,,,,,,,,,,,,,,,,,,,,,,,,,,,,,,,,,,,,,,,,,,,,,,,,,,,,,,,,,,,,,,
,,,,,,,,,,,,,,,,,,,,,,,,,,,,,,,,,,,,,,,,,,,,,,,,,,,,,,,,,,,,,,,,,,,
,,,,,,,,,,,,,,,,,,,,,,,,,,,,,,,,,,,,,,,,,,,,,,,,,,,,,,,,,,,,,,,,,,,
,,,,,,,,,,,,,,,,,,,,,,,,,,,,,,,,,,,,,,,,,,,,,,,,,,,,,,,,,,,,,,,,,,,
,,,,,,,,,,,,,,,,,,,,,,,,,,,,,,,,,,,,,,,,,,,,,,,,,,,,,,,,,,,,,,,,,,,
,,,,,,,,,,,,,,,,,,,,,,,,,,,,,,,,,,,,,,,,,,,,,,,,,,,,,,,,,,,,,,,,,,,
,,,,,,,,,,,,,,,,,,,,,,,,,,,,,,,,,,,,,,,,,,,,,,,,,,,,,,,,,,,,,,,,,,,
,,,,,,,,,,,,,,,,,,,,,,,,,,,,,,,,,,,,,,,,,,,,,,,,,,,,,,,,,,,,,,,,,,,
,,,,,,,,,,,,,,,,,,,,,,,,,,,,,,,,,,,,,,,,,,,,,,,,,,,,,,,,,,,,,,,,,,,
,,,,,,,,,,,,,,,,,,,,,,,,,,,,,,,,,,,,,,,,,,,,,,,,,,,,,,,,,,,,,,,,,,,
,,,,,,,,,,,,,,,,,,,,,,,,,,,,,,,,,,,,,,,,,,,,,,,,,,,,,,,,,,,,,,,,,,,
,,,,,,,,,,,,,,,,,,,,,,,,,,,,,,,,,,,,,,,,,,,,,,,,,,,,,,,,,,,,,,,,,,,
,,,,,,,,,,,,,,,,,,,,,,,,,,,,,,,,,,,,,,,,,,,,,,,,,,,,,,,,,,,,,,,,,,,
,,,,,,,,,,,,,,,,,,,,,,,,,,,,,,,,,,,,,,,,,,,,,,,,,,,,,,,,,,,,,,,,,,,
,,,,,,,,,,,,,,,,,,,,,,,,,,,,,,,,,,,,,,,,,,,,,,,,,,,,,,,,,,,,,,,,,,,
,,,,,,,,,,,,,,,,,,,,,,,,,,,,,,,,,,,,,,,,,,,,,,,,,,,,,,,,,,,,,,,,,,,
,,,,,,,,,,,,,,,,,,,,,,,,,,,,,,,,,,,,,,,,,,,,,,,,,,,,,,,,,,,,,,,,,,,
,,,,,,,,,,,,,,,,,,,,,,,,,,,,,,,,,,,,,,,,,,,,,,,,,,,,,,,,,,,,,,,,,,,
,,,,,,,,,,,,,,,,,,,,,,,,,,,,,,,,,,,,,,,,,,,,,,,,,,,,,,,,,,,,,,,,,,,
,,,,,,,,,,,,,,,,,,,,,,,,,,,,,,,,,,,,,,,,,,,,,,,,,,,,,,,,,,,,,,,,,,,
,,,,,,,,,,,,,,,,,,,,,,,,,,,,,,,,,,,,,,,,,,,,,,,,,,,,,,,,,,,,,,,,,,,
,,,,,,,,,,,,,,,,,,,,,,,,,,,,,,,,,,,,,,,,,,,,,,,,,,,,,,,,,,,,,,,,,,,
,,,,,,,,,,,,,,,,,,,,,,,,,,,,,,,,,,,,,,,,,,,,,,,,,,,,,,,,,,,,,,,,,,,
,,,,,,,,,,,,,,,,,,,,,,,,,,,,,,,,,,,,,,,,,,,,,,,,,,,,,,,,,,,,,,,,,,,
,,,,,,,,,,,,,,,,,,,,,,,,,,,,,,,,,,,,,,,,,,,,,,,,,,,,,,,,,,,,,,,,,,,
,,,,,,,,,,,,,,,,,,,,,,,,,,,,,,,,,,,,,,,,,,,,,,,,,,,,,,,,,,,,,,,,,,,
,,,,,,,,,,,,,,,,,,,,,,,,,,,,,,,,,,,,,,,,,,,,,,,,,,,,,,,,,,,,,,,,,,,
,,,,,,,,,,,,,,,,,,,,,,,,,,,,,,,,,,,,,,,,,,,,,,,,,,,,,,,,,,,,,,,,,,,
,,,,,,,,,,,,,,,,,,,,,,,,,,,,,,,,,,,,,,,,,,,,,,,,,,,,,,,,,,,,,,,,,,,
,,,,,,,,,,,,,,,,,,,,,,,,,,,,,,,,,,,,,,,,,,,,,,,,,,,,,,,,,,,,,,,,,,,
,,,,,,,,,,,,,,,,,,,,,,,,,,,,,,,,,,,,,,,,,,,,,,,,,,,,,,,,,,,,,,,,,,,
,,,,,,,,,,,,,,,,,,,,,,,,,,,,,,,,,,,,,,,,,,,,,,,,,,,,,,,,,,,,,,,,,,,
,,,,,,,,,,,,,,,,,,,,,,,,,,,,,,,,,,,,,,,,,,,,,,,,,,,,,,,,,,,,,,,,,,,
,,,,,,,,,,,,,,,,,,,,,,,,,,,,,,,,,,,,,,,,,,,,,,,,,,,,,,,,,,,,,,,,,,,
,,,,,,,,,,,,,,,,,,,,,,,,,,,,,,,,,,,,,,,,,,,,,,,,,,,,,,,,,,,,,,,,,,,
,,,,,,,,,,,,,,,,,,,,,,,,,,,,,,,,,,,,,,,,,,,,,,,,,,,,,,,,,,,,,,,,,,,
,,,,,,,,,,,,,,,,,,,,,,,,,,,,,,,,,,,,,,,,,,,,,,,,,,,,,,,,,,,,,,,,,,,
,,,,,,,,,,,,,,,,,,,,,,,,,,,,,,,,,,,,,,,,,,,,,,,,,,,,,,,,,,,,,,,,,,,
,,,,,,,,,,,,,,,,,,,,,,,,,,,,,,,,,,,,,,,,,,,,,,,,,,,,,,,,,,,,,,,,,,,
,,,,,,,,,,,,,,,,,,,,,,,,,,,,,,,,,,,,,,,,,,,,,,,,,,,,,,,,,,,,,,,,,,,
,,,,,,,,,,,,,,,,,,,,,,,,,,,,,,,,,,,,,,,,,,,,,,,,,,,,,,,,,,,,,,,,,,,
,,,,,,,,,,,,,,,,,,,,,,,,,,,,,,,,,,,,,,,,,,,,,,,,,,,,,,,,,,,,,,,,,,,
,,,,,,,,,,,,,,,,,,,,,,,,,,,,,,,,,,,,,,,,,,,,,,,,,,,,,,,,,,,,,,,,,,,
,,,,,,,,,,,,,,,,,,,,,,,,,,,,,,,,,,,,,,,,,,,,,,,,,,,,,,,,,,,,,,,,,,,
,,,,,,,,,,,,,,,,,,,,,,,,,,,,,,,,,,,,,,,,,,,,,,,,,,,,,,,,,,,,,,,,,,,
,,,,,,,,,,,,,,,,,,,,,,,,,,,,,,,,,,,,,,,,,,,,,,,,,,,,,,,,,,,,,,,,,,,
,,,,,,,,,,,,,,,,,,,,,,,,,,,,,,,,,,,,,,,,,,,,,,,,,,,,,,,,,,,,,,,,,,,
,,,,,,,,,,,,,,,,,,,,,,,,,,,,,,,,,,,,,,,,,,,,,,,,,,,,,,,,,,,,,,,,,,,
,,,,,,,,,,,,,,,,,,,,,,,,,,,,,,,,,,,,,,,,,,,,,,,,,,,,,,,,,,,,,,,,,,,
,,,,,,,,,,,,,,,,,,,,,,,,,,,,,,,,,,,,,,,,,,,,,,,,,,,,,,,,,,,,,,,,,,,
,,,,,,,,,,,,,,,,,,,,,,,,,,,,,,,,,,,,,,,,,,,,,,,,,,,,,,,,,,,,,,,,,,,
,,,,,,,,,,,,,,,,,,,,,,,,,,,,,,,,,,,,,,,,,,,,,,,,,,,,,,,,,,,,,,,,,,,
,,,,,,,,,,,,,,,,,,,,,,,,,,,,,,,,,,,,,,,,,,,,,,,,,,,,,,,,,,,,,,,,,,,
,,,,,,,,,,,,,,,,,,,,,,,,,,,,,,,,,,,,,,,,,,,,,,,,,,,,,,,,,,,,,,,,,,,
,,,,,,,,,,,,,,,,,,,,,,,,,,,,,,,,,,,,,,,,,,,,,,,,,,,,,,,,,,,,,,,,,,,
,,,,,,,,,,,,,,,,,,,,,,,,,,,,,,,,,,,,,,,,,,,,,,,,,,,,,,,,,,,,,,,,,,,
,,,,,,,,,,,,,,,,,,,,,,,,,,,,,,,,,,,,,,,,,,,,,,,,,,,,,,,,,,,,,,,,,,,
,,,,,,,,,,,,,,,,,,,,,,,,,,,,,,,,,,,,,,,,,,,,,,,,,,,,,,,,,,,,,,,,,,,
,,,,,,,,,,,,,,,,,,,,,,,,,,,,,,,,,,,,,,,,,,,,,,,,,,,,,,,,,,,,,,,,,,,
,,,,,,,,,,,,,,,,,,,,,,,,,,,,,,,,,,,,,,,,,,,,,,,,,,,,,,,,,,,,,,,,,,,
,,,,,,,,,,,,,,,,,,,,,,,,,,,,,,,,,,,,,,,,,,,,,,,,,,,,,,,,,,,,,,,,,,,
,,,,,,,,,,,,,,,,,,,,,,,,,,,,,,,,,,,,,,,,,,,,,,,,,,,,,,,,,,,,,,,,,,,
,,,,,,,,,,,,,,,,,,,,,,,,,,,,,,,,,,,,,,,,,,,,,,,,,,,,,,,,,,,,,,,,,,,
,,,,,,,,,,,,,,,,,,,,,,,,,,,,,,,,,,,,,,,,,,,,,,,,,,,,,,,,,,,,,,,,,,,
,,,,,,,,,,,,,,,,,,,,,,,,,,,,,,,,,,,,,,,,,,,,,,,,,,,,,,,,,,,,,,,,,,,
,,,,,,,,,,,,,,,,,,,,,,,,,,,,,,,,,,,,,,,,,,,,,,,,,,,,,,,,,,,,,,,,,,,
,,,,,,,,,,,,,,,,,,,,,,,,,,,,,,,,,,,,,,,,,,,,,,,,,,,,,,,,,,,,,,,,,,,
,,,,,,,,,,,,,,,,,,,,,,,,,,,,,,,,,,,,,,,,,,,,,,,,,,,,,,,,,,,,,,,,,,,
,,,,,,,,,,,,,,,,,,,,,,,,,,,,,,,,,,,,,,,,,,,,,,,,,,,,,,,,,,,,,,,,,,,
,,,,,,,,,,,,,,,,,,,,,,,,,,,,,,,,,,,,,,,,,,,,,,,,,,,,,,,,,,,,,,,,,,,
,,,,,,,,,,,,,,,,,,,,,,,,,,,,,,,,,,,,,,,,,,,,,,,,,,,,,,,,,,,,,,,,,,,
,,,,,,,,,,,,,,,,,,,,,,,,,,,,,,,,,,,,,,,,,,,,,,,,,,,,,,,,,,,,,,,,,,,
,,,,,,,,,,,,,,,,,,,,,,,,,,,,,,,,,,,,,,,,,,,,,,,,,,,,,,,,,,,,,,,,,,,
,,,,,,,,,,,,,,,,,,,,,,,,,,,,,,,,,,,,,,,,,,,,,,,,,,,,,,,,,,,,,,,,,,,
,,,,,,,,,,,,,,,,,,,,,,,,,,,,,,,,,,,,,,,,,,,,,,,,,,,,,,,,,,,,,,,,,,,
,,,,,,,,,,,,,,,,,,,,,,,,,,,,,,,,,,,,,,,,,,,,,,,,,,,,,,,,,,,,,,,,,,,
,,,,,,,,,,,,,,,,,,,,,,,,,,,,,,,,,,,,,,,,,,,,,,,,,,,,,,,,,,,,,,,,,,,
,,,,,,,,,,,,,,,,,,,,,,,,,,,,,,,,,,,,,,,,,,,,,,,,,,,,,,,,,,,,,,,,,,,
,,,,,,,,,,,,,,,,,,,,,,,,,,,,,,,,,,,,,,,,,,,,,,,,,,,,,,,,,,,,,,,,,,,
,,,,,,,,,,,,,,,,,,,,,,,,,,,,,,,,,,,,,,,,,,,,,,,,,,,,,,,,,,,,,,,,,,,
,,,,,,,,,,,,,,,,,,,,,,,,,,,,,,,,,,,,,,,,,,,,,,,,,,,,,,,,,,,,,,,,,,,
,,,,,,,,,,,,,,,,,,,,,,,,,,,,,,,,,,,,,,,,,,,,,,,,,,,,,,,,,,,,,,,,,,,
,,,,,,,,,,,,,,,,,,,,,,,,,,,,,,,,,,,,,,,,,,,,,,,,,,,,,,,,,,,,,,,,,,,
,,,,,,,,,,,,,,,,,,,,,,,,,,,,,,,,,,,,,,,,,,,,,,,,,,,,,,,,,,,,,,,,,,,
,,,,,,,,,,,,,,,,,,,,,,,,,,,,,,,,,,,,,,,,,,,,,,,,,,,,,,,,,,,,,,,,,,,
,,,,,,,,,,,,,,,,,,,,,,,,,,,,,,,,,,,,,,,,,,,,,,,,,,,,,,,,,,,,,,,,,,,
,,,,,,,,,,,,,,,,,,,,,,,,,,,,,,,,,,,,,,,,,,,,,,,,,,,,,,,,,,,,,,,,,,,
,,,,,,,,,,,,,,,,,,,,,,,,,,,,,,,,,,,,,,,,,,,,,,,,,,,,,,,,,,,,,,,,,,,
,,,,,,,,,,,,,,,,,,,,,,,,,,,,,,,,,,,,,,,,,,,,,,,,,,,,,,,,,,,,,,,,,,,
,,,,,,,,,,,,,,,,,,,,,,,,,,,,,,,,,,,,,,,,,,,,,,,,,,,,,,,,,,,,,,,,,,,
,,,,,,,,,,,,,,,,,,,,,,,,,,,,,,,,,,,,,,,,,,,,,,,,,,,,,,,,,,,,,,,,,,,
,,,,,,,,,,,,,,,,,,,,,,,,,,,,,,,,,,,,,,,,,,,,,,,,,,,,,,,,,,,,,,,,,,,
,,,,,,,,,,,,,,,,,,,,,,,,,,,,,,,,,,,,,,,,,,,,,,,,,,,,,,,,,,,,,,,,,,,
,,,,,,,,,,,,,,,,,,,,,,,,,,,,,,,,,,,,,,,,,,,,,,,,,,,,,,,,,,,,,,,,,,,
,,,,,,,,,,,,,,,,,,,,,,,,,,,,,,,,,,,,,,,,,,,,,,,,,,,,,,,,,,,,,,,,,,,
,,,,,,,,,,,,,,,,,,,,,,,,,,,,,,,,,,,,,,,,,,,,,,,,,,,,,,,,,,,,,,,,,,,
,,,,,,,,,,,,,,,,,,,,,,,,,,,,,,,,,,,,,,,,,,,,,,,,,,,,,,,,,,,,,,,,,,,
,,,,,,,,,,,,,,,,,,,,,,,,,,,,,,,,,,,,,,,,,,,,,,,,,,,,,,,,,,,,,,,,,,,
,,,,,,,,,,,,,,,,,,,,,,,,,,,,,,,,,,,,,,,,,,,,,,,,,,,,,,,,,,,,,,,,,,,
,,,,,,,,,,,,,,,,,,,,,,,,,,,,,,,,,,,,,,,,,,,,,,,,,,,,,,,,,,,,,,,,,,,
,,,,,,,,,,,,,,,,,,,,,,,,,,,,,,,,,,,,,,,,,,,,,,,,,,,,,,,,,,,,,,,,,,,
,,,,,,,,,,,,,,,,,,,,,,,,,,,,,,,,,,,,,,,,,,,,,,,,,,,,,,,,,,,,,,,,,,,
,,,,,,,,,,,,,,,,,,,,,,,,,,,,,,,,,,,,,,,,,,,,,,,,,,,,,,,,,,,,,,,,,,,
,,,,,,,,,,,,,,,,,,,,,,,,,,,,,,,,,,,,,,,,,,,,,,,,,,,,,,,,,,,,,,,,,,,
,,,,,,,,,,,,,,,,,,,,,,,,,,,,,,,,,,,,,,,,,,,,,,,,,,,,,,,,,,,,,,,,,,,
,,,,,,,,,,,,,,,,,,,,,,,,,,,,,,,,,,,,,,,,,,,,,,,,,,,,,,,,,,,,,,,,,,,
,,,,,,,,,,,,,,,,,,,,,,,,,,,,,,,,,,,,,,,,,,,,,,,,,,,,,,,,,,,,,,,,,,,
,,,,,,,,,,,,,,,,,,,,,,,,,,,,,,,,,,,,,,,,,,,,,,,,,,,,,,,,,,,,,,,,,,,
,,,,,,,,,,,,,,,,,,,,,,,,,,,,,,,,,,,,,,,,,,,,,,,,,,,,,,,,,,,,,,,,,,,
,,,,,,,,,,,,,,,,,,,,,,,,,,,,,,,,,,,,,,,,,,,,,,,,,,,,,,,,,,,,,,,,,,,
,,,,,,,,,,,,,,,,,,,,,,,,,,,,,,,,,,,,,,,,,,,,,,,,,,,,,,,,,,,,,,,,,,,
,,,,,,,,,,,,,,,,,,,,,,,,,,,,,,,,,,,,,,,,,,,,,,,,,,,,,,,,,,,,,,,,,,,
,,,,,,,,,,,,,,,,,,,,,,,,,,,,,,,,,,,,,,,,,,,,,,,,,,,,,,,,,,,,,,,,,,,
,,,,,,,,,,,,,,,,,,,,,,,,,,,,,,,,,,,,,,,,,,,,,,,,,,,,,,,,,,,,,,,,,,,
,,,,,,,,,,,,,,,,,,,,,,,,,,,,,,,,,,,,,,,,,,,,,,,,,,,,,,,,,,,,,,,,,,,
,,,,,,,,,,,,,,,,,,,,,,,,,,,,,,,,,,,,,,,,,,,,,,,,,,,,,,,,,,,,,,,,,,,
,,,,,,,,,,,,,,,,,,,,,,,,,,,,,,,,,,,,,,,,,,,,,,,,,,,,,,,,,,,,,,,,,,,
,,,,,,,,,,,,,,,,,,,,,,,,,,,,,,,,,,,,,,,,,,,,,,,,,,,,,,,,,,,,,,,,,,,
,,,,,,,,,,,,,,,,,,,,,,,,,,,,,,,,,,,,,,,,,,,,,,,,,,,,,,,,,,,,,,,,,,,
,,,,,,,,,,,,,,,,,,,,,,,,,,,,,,,,,,,,,,,,,,,,,,,,,,,,,,,,,,,,,,,,,,,
,,,,,,,,,,,,,,,,,,,,,,,,,,,,,,,,,,,,,,,,,,,,,,,,,,,,,,,,,,,,,,,,,,,
,,,,,,,,,,,,,,,,,,,,,,,,,,,,,,,,,,,,,,,,,,,,,,,,,,,,,,,,,,,,,,,,,,,
,,,,,,,,,,,,,,,,,,,,,,,,,,,,,,,,,,,,,,,,,,,,,,,,,,,,,,,,,,,,,,,,,,,
,,,,,,,,,,,,,,,,,,,,,,,,,,,,,,,,,,,,,,,,,,,,,,,,,,,,,,,,,,,,,,,,,,,
,,,,,,,,,,,,,,,,,,,,,,,,,,,,,,,,,,,,,,,,,,,,,,,,,,,,,,,,,,,,,,,,,,,
,,,,,,,,,,,,,,,,,,,,,,,,,,,,,,,,,,,,,,,,,,,,,,,,,,,,,,,,,,,,,,,,,,,
,,,,,,,,,,,,,,,,,,,,,,,,,,,,,,,,,,,,,,,,,,,,,,,,,,,,,,,,,,,,,,,,,,,
,,,,,,,,,,,,,,,,,,,,,,,,,,,,,,,,,,,,,,,,,,,,,,,,,,,,,,,,,,,,,,,,,,,
,,,,,,,,,,,,,,,,,,,,,,,,,,,,,,,,,,,,,,,,,,,,,,,,,,,,,,,,,,,,,,,,,,,
,,,,,,,,,,,,,,,,,,,,,,,,,,,,,,,,,,,,,,,,,,,,,,,,,,,,,,,,,,,,,,,,,,,
,,,,,,,,,,,,,,,,,,,,,,,,,,,,,,,,,,,,,,,,,,,,,,,,,,,,,,,,,,,,,,,,,,,
,,,,,,,,,,,,,,,,,,,,,,,,,,,,,,,,,,,,,,,,,,,,,,,,,,,,,,,,,,,,,,,,,,,
,,,,,,,,,,,,,,,,,,,,,,,,,,,,,,,,,,,,,,,,,,,,,,,,,,,,,,,,,,,,,,,,,,,
,,,,,,,,,,,,,,,,,,,,,,,,,,,,,,,,,,,,,,,,,,,,,,,,,,,,,,,,,,,,,,,,,,,
,,,,,,,,,,,,,,,,,,,,,,,,,,,,,,,,,,,,,,,,,,,,,,,,,,,,,,,,,,,,,,,,,,,
,,,,,,,,,,,,,,,,,,,,,,,,,,,,,,,,,,,,,,,,,,,,,,,,,,,,,,,,,,,,,,,,,,,
,,,,,,,,,,,,,,,,,,,,,,,,,,,,,,,,,,,,,,,,,,,,,,,,,,,,,,,,,,,,,,,,,,,
,,,,,,,,,,,,,,,,,,,,,,,,,,,,,,,,,,,,,,,,,,,,,,,,,,,,,,,,,,,,,,,,,,,
,,,,,,,,,,,,,,,,,,,,,,,,,,,,,,,,,,,,,,,,,,,,,,,,,,,,,,,,,,,,,,,,,,,
,,,,,,,,,,,,,,,,,,,,,,,,,,,,,,,,,,,,,,,,,,,,,,,,,,,,,,,,,,,,,,,,,,,
,,,,,,,,,,,,,,,,,,,,,,,,,,,,,,,,,,,,,,,,,,,,,,,,,,,,,,,,,,,,,,,,,,,
,,,,,,,,,,,,,,,,,,,,,,,,,,,,,,,,,,,,,,,,,,,,,,,,,,,,,,,,,,,,,,,,,,,
,,,,,,,,,,,,,,,,,,,,,,,,,,,,,,,,,,,,,,,,,,,,,,,,,,,,,,,,,,,,,,,,,,,
,,,,,,,,,,,,,,,,,,,,,,,,,,,,,,,,,,,,,,,,,,,,,,,,,,,,,,,,,,,,,,,,,,,
,,,,,,,,,,,,,,,,,,,,,,,,,,,,,,,,,,,,,,,,,,,,,,,,,,,,,,,,,,,,,,,,,,,
,,,,,,,,,,,,,,,,,,,,,,,,,,,,,,,,,,,,,,,,,,,,,,,,,,,,,,,,,,,,,,,,,,,
,,,,,,,,,,,,,,,,,,,,,,,,,,,,,,,,,,,,,,,,,,,,,,,,,,,,,,,,,,,,,,,,,,,
,,,,,,,,,,,,,,,,,,,,,,,,,,,,,,,,,,,,,,,,,,,,,,,,,,,,,,,,,,,,,,,,,,,
,,,,,,,,,,,,,,,,,,,,,,,,,,,,,,,,,,,,,,,,,,,,,,,,,,,,,,,,,,,,,,,,,,,
,,,,,,,,,,,,,,,,,,,,,,,,,,,,,,,,,,,,,,,,,,,,,,,,,,,,,,,,,,,,,,,,,,,
,,,,,,,,,,,,,,,,,,,,,,,,,,,,,,,,,,,,,,,,,,,,,,,,,,,,,,,,,,,,,,,,,,,
,,,,,,,,,,,,,,,,,,,,,,,,,,,,,,,,,,,,,,,,,,,,,,,,,,,,,,,,,,,,,,,,,,,
,,,,,,,,,,,,,,,,,,,,,,,,,,,,,,,,,,,,,,,,,,,,,,,,,,,,,,,,,,,,,,,,,,,
,,,,,,,,,,,,,,,,,,,,,,,,,,,,,,,,,,,,,,,,,,,,,,,,,,,,,,,,,,,,,,,,,,,
,,,,,,,,,,,,,,,,,,,,,,,,,,,,,,,,,,,,,,,,,,,,,,,,,,,,,,,,,,,,,,,,,,,
,,,,,,,,,,,,,,,,,,,,,,,,,,,,,,,,,,,,,,,,,,,,,,,,,,,,,,,,,,,,,,,,,,,
,,,,,,,,,,,,,,,,,,,,,,,,,,,,,,,,,,,,,,,,,,,,,,,,,,,,,,,,,,,,,,,,,,,
,,,,,,,,,,,,,,,,,,,,,,,,,,,,,,,,,,,,,,,,,,,,,,,,,,,,,,,,,,,,,,,,,,,
,,,,,,,,,,,,,,,,,,,,,,,,,,,,,,,,,,,,,,,,,,,,,,,,,,,,,,,,,,,,,,,,,,,
,,,,,,,,,,,,,,,,,,,,,,,,,,,,,,,,,,,,,,,,,,,,,,,,,,,,,,,,,,,,,,,,,,,
,,,,,,,,,,,,,,,,,,,,,,,,,,,,,,,,,,,,,,,,,,,,,,,,,,,,,,,,,,,,,,,,,,,
,,,,,,,,,,,,,,,,,,,,,,,,,,,,,,,,,,,,,,,,,,,,,,,,,,,,,,,,,,,,,,,,,,,
,,,,,,,,,,,,,,,,,,,,,,,,,,,,,,,,,,,,,,,,,,,,,,,,,,,,,,,,,,,,,,,,,,,
,,,,,,,,,,,,,,,,,,,,,,,,,,,,,,,,,,,,,,,,,,,,,,,,,,,,,,,,,,,,,,,,,,,
,,,,,,,,,,,,,,,,,,,,,,,,,,,,,,,,,,,,,,,,,,,,,,,,,,,,,,,,,,,,,,,,,,,
,,,,,,,,,,,,,,,,,,,,,,,,,,,,,,,,,,,,,,,,,,,,,,,,,,,,,,,,,,,,,,,,,,,
,,,,,,,,,,,,,,,,,,,,,,,,,,,,,,,,,,,,,,,,,,,,,,,,,,,,,,,,,,,,,,,,,,,
,,,,,,,,,,,,,,,,,,,,,,,,,,,,,,,,,,,,,,,,,,,,,,,,,,,,,,,,,,,,,,,,,,,
,,,,,,,,,,,,,,,,,,,,,,,,,,,,,,,,,,,,,,,,,,,,,,,,,,,,,,,,,,,,,,,,,,,
,,,,,,,,,,,,,,,,,,,,,,,,,,,,,,,,,,,,,,,,,,,,,,,,,,,,,,,,,,,,,,,,,,,
,,,,,,,,,,,,,,,,,,,,,,,,,,,,,,,,,,,,,,,,,,,,,,,,,,,,,,,,,,,,,,,,,,,
,,,,,,,,,,,,,,,,,,,,,,,,,,,,,,,,,,,,,,,,,,,,,,,,,,,,,,,,,,,,,,,,,,,
,,,,,,,,,,,,,,,,,,,,,,,,,,,,,,,,,,,,,,,,,,,,,,,,,,,,,,,,,,,,,,,,,,,
,,,,,,,,,,,,,,,,,,,,,,,,,,,,,,,,,,,,,,,,,,,,,,,,,,,,,,,,,,,,,,,,,,,
,,,,,,,,,,,,,,,,,,,,,,,,,,,,,,,,,,,,,,,,,,,,,,,,,,,,,,,,,,,,,,,,,,,
,,,,,,,,,,,,,,,,,,,,,,,,,,,,,,,,,,,,,,,,,,,,,,,,,,,,,,,,,,,,,,,,,,,
,,,,,,,,,,,,,,,,,,,,,,,,,,,,,,,,,,,,,,,,,,,,,,,,,,,,,,,,,,,,,,,,,,,
,,,,,,,,,,,,,,,,,,,,,,,,,,,,,,,,,,,,,,,,,,,,,,,,,,,,,,,,,,,,,,,,,,,
,,,,,,,,,,,,,,,,,,,,,,,,,,,,,,,,,,,,,,,,,,,,,,,,,,,,,,,,,,,,,,,,,,,
,,,,,,,,,,,,,,,,,,,,,,,,,,,,,,,,,,,,,,,,,,,,,,,,,,,,,,,,,,,,,,,,,,,
,,,,,,,,,,,,,,,,,,,,,,,,,,,,,,,,,,,,,,,,,,,,,,,,,,,,,,,,,,,,,,,,,,,
,,,,,,,,,,,,,,,,,,,,,,,,,,,,,,,,,,,,,,,,,,,,,,,,,,,,,,,,,,,,,,,,,,,
,,,,,,,,,,,,,,,,,,,,,,,,,,,,,,,,,,,,,,,,,,,,,,,,,,,,,,,,,,,,,,,,,,,
,,,,,,,,,,,,,,,,,,,,,,,,,,,,,,,,,,,,,,,,,,,,,,,,,,,,,,,,,,,,,,,,,,,
,,,,,,,,,,,,,,,,,,,,,,,,,,,,,,,,,,,,,,,,,,,,,,,,,,,,,,,,,,,,,,,,,,,
,,,,,,,,,,,,,,,,,,,,,,,,,,,,,,,,,,,,,,,,,,,,,,,,,,,,,,,,,,,,,,,,,,,
,,,,,,,,,,,,,,,,,,,,,,,,,,,,,,,,,,,,,,,,,,,,,,,,,,,,,,,,,,,,,,,,,,,
,,,,,,,,,,,,,,,,,,,,,,,,,,,,,,,,,,,,,,,,,,,,,,,,,,,,,,,,,,,,,,,,,,,
,,,,,,,,,,,,,,,,,,,,,,,,,,,,,,,,,,,,,,,,,,,,,,,,,,,,,,,,,,,,,,,,,,,
,,,,,,,,,,,,,,,,,,,,,,,,,,,,,,,,,,,,,,,,,,,,,,,,,,,,,,,,,,,,,,,,,,,
,,,,,,,,,,,,,,,,,,,,,,,,,,,,,,,,,,,,,,,,,,,,,,,,,,,,,,,,,,,,,,,,,,,
,,,,,,,,,,,,,,,,,,,,,,,,,,,,,,,,,,,,,,,,,,,,,,,,,,,,,,,,,,,,,,,,,,,
,,,,,,,,,,,,,,,,,,,,,,,,,,,,,,,,,,,,,,,,,,,,,,,,,,,,,,,,,,,,,,,,,,,
,,,,,,,,,,,,,,,,,,,,,,,,,,,,,,,,,,,,,,,,,,,,,,,,,,,,,,,,,,,,,,,,,,,
,,,,,,,,,,,,,,,,,,,,,,,,,,,,,,,,,,,,,,,,,,,,,,,,,,,,,,,,,,,,,,,,,,,
,,,,,,,,,,,,,,,,,,,,,,,,,,,,,,,,,,,,,,,,,,,,,,,,,,,,,,,,,,,,,,,,,,,
,,,,,,,,,,,,,,,,,,,,,,,,,,,,,,,,,,,,,,,,,,,,,,,,,,,,,,,,,,,,,,,,,,,
,,,,,,,,,,,,,,,,,,,,,,,,,,,,,,,,,,,,,,,,,,,,,,,,,,,,,,,,,,,,,,,,,,,
,,,,,,,,,,,,,,,,,,,,,,,,,,,,,,,,,,,,,,,,,,,,,,,,,,,,,,,,,,,,,,,,,,,
,,,,,,,,,,,,,,,,,,,,,,,,,,,,,,,,,,,,,,,,,,,,,,,,,,,,,,,,,,,,,,,,,,,
,,,,,,,,,,,,,,,,,,,,,,,,,,,,,,,,,,,,,,,,,,,,,,,,,,,,,,,,,,,,,,,,,,,
,,,,,,,,,,,,,,,,,,,,,,,,,,,,,,,,,,,,,,,,,,,,,,,,,,,,,,,,,,,,,,,,,,,
,,,,,,,,,,,,,,,,,,,,,,,,,,,,,,,,,,,,,,,,,,,,,,,,,,,,,,,,,,,,,,,,,,,
,,,,,,,,,,,,,,,,,,,,,,,,,,,,,,,,,,,,,,,,,,,,,,,,,,,,,,,,,,,,,,,,,,,
,,,,,,,,,,,,,,,,,,,,,,,,,,,,,,,,,,,,,,,,,,,,,,,,,,,,,,,,,,,,,,,,,,,
,,,,,,,,,,,,,,,,,,,,,,,,,,,,,,,,,,,,,,,,,,,,,,,,,,,,,,,,,,,,,,,,,,,
,,,,,,,,,,,,,,,,,,,,,,,,,,,,,,,,,,,,,,,,,,,,,,,,,,,,,,,,,,,,,,,,,,,
,,,,,,,,,,,,,,,,,,,,,,,,,,,,,,,,,,,,,,,,,,,,,,,,,,,,,,,,,,,,,,,,,,,
,,,,,,,,,,,,,,,,,,,,,,,,,,,,,,,,,,,,,,,,,,,,,,,,,,,,,,,,,,,,,,,,,,,
,,,,,,,,,,,,,,,,,,,,,,,,,,,,,,,,,,,,,,,,,,,,,,,,,,,,,,,,,,,,,,,,,,,
,,,,,,,,,,,,,,,,,,,,,,,,,,,,,,,,,,,,,,,,,,,,,,,,,,,,,,,,,,,,,,,,,,,
,,,,,,,,,,,,,,,,,,,,,,,,,,,,,,,,,,,,,,,,,,,,,,,,,,,,,,,,,,,,,,,,,,,
,,,,,,,,,,,,,,,,,,,,,,,,,,,,,,,,,,,,,,,,,,,,,,,,,,,,,,,,,,,,,,,,,,,
,,,,,,,,,,,,,,,,,,,,,,,,,,,,,,,,,,,,,,,,,,,,,,,,,,,,,,,,,,,,,,,,,,,
,,,,,,,,,,,,,,,,,,,,,,,,,,,,,,,,,,,,,,,,,,,,,,,,,,,,,,,,,,,,,,,,,,,
,,,,,,,,,,,,,,,,,,,,,,,,,,,,,,,,,,,,,,,,,,,,,,,,,,,,,,,,,,,,,,,,,,,
,,,,,,,,,,,,,,,,,,,,,,,,,,,,,,,,,,,,,,,,,,,,,,,,,,,,,,,,,,,,,,,,,,,
,,,,,,,,,,,,,,,,,,,,,,,,,,,,,,,,,,,,,,,,,,,,,,,,,,,,,,,,,,,,,,,,,,,
,,,,,,,,,,,,,,,,,,,,,,,,,,,,,,,,,,,,,,,,,,,,,,,,,,,,,,,,,,,,,,,,,,,
,,,,,,,,,,,,,,,,,,,,,,,,,,,,,,,,,,,,,,,,,,,,,,,,,,,,,,,,,,,,,,,,,,,
,,,,,,,,,,,,,,,,,,,,,,,,,,,,,,,,,,,,,,,,,,,,,,,,,,,,,,,,,,,,,,,,,,,
,,,,,,,,,,,,,,,,,,,,,,,,,,,,,,,,,,,,,,,,,,,,,,,,,,,,,,,,,,,,,,,,,,,
,,,,,,,,,,,,,,,,,,,,,,,,,,,,,,,,,,,,,,,,,,,,,,,,,,,,,,,,,,,,,,,,,,,
,,,,,,,,,,,,,,,,,,,,,,,,,,,,,,,,,,,,,,,,,,,,,,,,,,,,,,,,,,,,,,,,,,,
,,,,,,,,,,,,,,,,,,,,,,,,,,,,,,,,,,,,,,,,,,,,,,,,,,,,,,,,,,,,,,,,,,,
,,,,,,,,,,,,,,,,,,,,,,,,,,,,,,,,,,,,,,,,,,,,,,,,,,,,,,,,,,,,,,,,,,,
,,,,,,,,,,,,,,,,,,,,,,,,,,,,,,,,,,,,,,,,,,,,,,,,,,,,,,,,,,,,,,,,,,,
,,,,,,,,,,,,,,,,,,,,,,,,,,,,,,,,,,,,,,,,,,,,,,,,,,,,,,,,,,,,,,,,,,,
,,,,,,,,,,,,,,,,,,,,,,,,,,,,,,,,,,,,,,,,,,,,,,,,,,,,,,,,,,,,,,,,,,,
,,,,,,,,,,,,,,,,,,,,,,,,,,,,,,,,,,,,,,,,,,,,,,,,,,,,,,,,,,,,,,,,,,,
,,,,,,,,,,,,,,,,,,,,,,,,,,,,,,,,,,,,,,,,,,,,,,,,,,,,,,,,,,,,,,,,,,,
,,,,,,,,,,,,,,,,,,,,,,,,,,,,,,,,,,,,,,,,,,,,,,,,,,,,,,,,,,,,,,,,,,,
,,,,,,,,,,,,,,,,,,,,,,,,,,,,,,,,,,,,,,,,,,,,,,,,,,,,,,,,,,,,,,,,,,,
,,,,,,,,,,,,,,,,,,,,,,,,,,,,,,,,,,,,,,,,,,,,,,,,,,,,,,,,,,,,,,,,,,,
,,,,,,,,,,,,,,,,,,,,,,,,,,,,,,,,,,,,,,,,,,,,,,,,,,,,,,,,,,,,,,,,,,,
,,,,,,,,,,,,,,,,,,,,,,,,,,,,,,,,,,,,,,,,,,,,,,,,,,,,,,,,,,,,,,,,,,,
,,,,,,,,,,,,,,,,,,,,,,,,,,,,,,,,,,,,,,,,,,,,,,,,,,,,,,,,,,,,,,,,,,,
,,,,,,,,,,,,,,,,,,,,,,,,,,,,,,,,,,,,,,,,,,,,,,,,,,,,,,,,,,,,,,,,,,,
,,,,,,,,,,,,,,,,,,,,,,,,,,,,,,,,,,,,,,,,,,,,,,,,,,,,,,,,,,,,,,,,,,,
,,,,,,,,,,,,,,,,,,,,,,,,,,,,,,,,,,,,,,,,,,,,,,,,,,,,,,,,,,,,,,,,,,,
,,,,,,,,,,,,,,,,,,,,,,,,,,,,,,,,,,,,,,,,,,,,,,,,,,,,,,,,,,,,,,,,,,,
,,,,,,,,,,,,,,,,,,,,,,,,,,,,,,,,,,,,,,,,,,,,,,,,,,,,,,,,,,,,,,,,,,,
,,,,,,,,,,,,,,,,,,,,,,,,,,,,,,,,,,,,,,,,,,,,,,,,,,,,,,,,,,,,,,,,,,,
,,,,,,,,,,,,,,,,,,,,,,,,,,,,,,,,,,,,,,,,,,,,,,,,,,,,,,,,,,,,,,,,,,,
,,,,,,,,,,,,,,,,,,,,,,,,,,,,,,,,,,,,,,,,,,,,,,,,,,,,,,,,,,,,,,,,,,,
,,,,,,,,,,,,,,,,,,,,,,,,,,,,,,,,,,,,,,,,,,,,,,,,,,,,,,,,,,,,,,,,,,,
,,,,,,,,,,,,,,,,,,,,,,,,,,,,,,,,,,,,,,,,,,,,,,,,,,,,,,,,,,,,,,,,,,,
,,,,,,,,,,,,,,,,,,,,,,,,,,,,,,,,,,,,,,,,,,,,,,,,,,,,,,,,,,,,,,,,,,,
,,,,,,,,,,,,,,,,,,,,,,,,,,,,,,,,,,,,,,,,,,,,,,,,,,,,,,,,,,,,,,,,,,,
,,,,,,,,,,,,,,,,,,,,,,,,,,,,,,,,,,,,,,,,,,,,,,,,,,,,,,,,,,,,,,,,,,,
,,,,,,,,,,,,,,,,,,,,,,,,,,,,,,,,,,,,,,,,,,,,,,,,,,,,,,,,,,,,,,,,,,,
,,,,,,,,,,,,,,,,,,,,,,,,,,,,,,,,,,,,,,,,,,,,,,,,,,,,,,,,,,,,,,,,,,,
,,,,,,,,,,,,,,,,,,,,,,,,,,,,,,,,,,,,,,,,,,,,,,,,,,,,,,,,,,,,,,,,,,,
,,,,,,,,,,,,,,,,,,,,,,,,,,,,,,,,,,,,,,,,,,,,,,,,,,,,,,,,,,,,,,,,,,,
,,,,,,,,,,,,,,,,,,,,,,,,,,,,,,,,,,,,,,,,,,,,,,,,,,,,,,,,,,,,,,,,,,,
,,,,,,,,,,,,,,,,,,,,,,,,,,,,,,,,,,,,,,,,,,,,,,,,,,,,,,,,,,,,,,,,,,,
,,,,,,,,,,,,,,,,,,,,,,,,,,,,,,,,,,,,,,,,,,,,,,,,,,,,,,,,,,,,,,,,,,,
,,,,,,,,,,,,,,,,,,,,,,,,,,,,,,,,,,,,,,,,,,,,,,,,,,,,,,,,,,,,,,,,,,,
,,,,,,,,,,,,,,,,,,,,,,,,,,,,,,,,,,,,,,,,,,,,,,,,,,,,,,,,,,,,,,,,,,,
,,,,,,,,,,,,,,,,,,,,,,,,,,,,,,,,,,,,,,,,,,,,,,,,,,,,,,,,,,,,,,,,,,,
,,,,,,,,,,,,,,,,,,,,,,,,,,,,,,,,,,,,,,,,,,,,,,,,,,,,,,,,,,,,,,,,,,,
,,,,,,,,,,,,,,,,,,,,,,,,,,,,,,,,,,,,,,,,,,,,,,,,,,,,,,,,,,,,,,,,,,,
,,,,,,,,,,,,,,,,,,,,,,,,,,,,,,,,,,,,,,,,,,,,,,,,,,,,,,,,,,,,,,,,,,,
,,,,,,,,,,,,,,,,,,,,,,,,,,,,,,,,,,,,,,,,,,,,,,,,,,,,,,,,,,,,,,,,,,,
,,,,,,,,,,,,,,,,,,,,,,,,,,,,,,,,,,,,,,,,,,,,,,,,,,,,,,,,,,,,,,,,,,,
,,,,,,,,,,,,,,,,,,,,,,,,,,,,,,,,,,,,,,,,,,,,,,,,,,,,,,,,,,,,,,,,,,,
,,,,,,,,,,,,,,,,,,,,,,,,,,,,,,,,,,,,,,,,,,,,,,,,,,,,,,,,,,,,,,,,,,,
,,,,,,,,,,,,,,,,,,,,,,,,,,,,,,,,,,,,,,,,,,,,,,,,,,,,,,,,,,,,,,,,,,,
,,,,,,,,,,,,,,,,,,,,,,,,,,,,,,,,,,,,,,,,,,,,,,,,,,,,,,,,,,,,,,,,,,,
,,,,,,,,,,,,,,,,,,,,,,,,,,,,,,,,,,,,,,,,,,,,,,,,,,,,,,,,,,,,,,,,,,,
,,,,,,,,,,,,,,,,,,,,,,,,,,,,,,,,,,,,,,,,,,,,,,,,,,,,,,,,,,,,,,,,,,,
,,,,,,,,,,,,,,,,,,,,,,,,,,,,,,,,,,,,,,,,,,,,,,,,,,,,,,,,,,,,,,,,,,,
,,,,,,,,,,,,,,,,,,,,,,,,,,,,,,,,,,,,,,,,,,,,,,,,,,,,,,,,,,,,,,,,,,,
,,,,,,,,,,,,,,,,,,,,,,,,,,,,,,,,,,,,,,,,,,,,,,,,,,,,,,,,,,,,,,,,,,,
,,,,,,,,,,,,,,,,,,,,,,,,,,,,,,,,,,,,,,,,,,,,,,,,,,,,,,,,,,,,,,,,,,,
,,,,,,,,,,,,,,,,,,,,,,,,,,,,,,,,,,,,,,,,,,,,,,,,,,,,,,,,,,,,,,,,,,,
,,,,,,,,,,,,,,,,,,,,,,,,,,,,,,,,,,,,,,,,,,,,,,,,,,,,,,,,,,,,,,,,,,,
,,,,,,,,,,,,,,,,,,,,,,,,,,,,,,,,,,,,,,,,,,,,,,,,,,,,,,,,,,,,,,,,,,,
,,,,,,,,,,,,,,,,,,,,,,,,,,,,,,,,,,,,,,,,,,,,,,,,,,,,,,,,,,,,,,,,,,,
,,,,,,,,,,,,,,,,,,,,,,,,,,,,,,,,,,,,,,,,,,,,,,,,,,,,,,,,,,,,,,,,,,,
,,,,,,,,,,,,,,,,,,,,,,,,,,,,,,,,,,,,,,,,,,,,,,,,,,,,,,,,,,,,,,,,,,,
,,,,,,,,,,,,,,,,,,,,,,,,,,,,,,,,,,,,,,,,,,,,,,,,,,,,,,,,,,,,,,,,,,,
,,,,,,,,,,,,,,,,,,,,,,,,,,,,,,,,,,,,,,,,,,,,,,,,,,,,,,,,,,,,,,,,,,,
,,,,,,,,,,,,,,,,,,,,,,,,,,,,,,,,,,,,,,,,,,,,,,,,,,,,,,,,,,,,,,,,,,,
,,,,,,,,,,,,,,,,,,,,,,,,,,,,,,,,,,,,,,,,,,,,,,,,,,,,,,,,,,,,,,,,,,,
,,,,,,,,,,,,,,,,,,,,,,,,,,,,,,,,,,,,,,,,,,,,,,,,,,,,,,,,,,,,,,,,,,,
,,,,,,,,,,,,,,,,,,,,,,,,,,,,,,,,,,,,,,,,,,,,,,,,,,,,,,,,,,,,,,,,,,,
,,,,,,,,,,,,,,,,,,,,,,,,,,,,,,,,,,,,,,,,,,,,,,,,,,,,,,,,,,,,,,,,,,,
,,,,,,,,,,,,,,,,,,,,,,,,,,,,,,,,,,,,,,,,,,,,,,,,,,,,,,,,,,,,,,,,,,,
,,,,,,,,,,,,,,,,,,,,,,,,,,,,,,,,,,,,,,,,,,,,,,,,,,,,,,,,,,,,,,,,,,,
,,,,,,,,,,,,,,,,,,,,,,,,,,,,,,,,,,,,,,,,,,,,,,,,,,,,,,,,,,,,,,,,,,,
,,,,,,,,,,,,,,,,,,,,,,,,,,,,,,,,,,,,,,,,,,,,,,,,,,,,,,,,,,,,,,,,,,,
,,,,,,,,,,,,,,,,,,,,,,,,,,,,,,,,,,,,,,,,,,,,,,,,,,,,,,,,,,,,,,,,,,,
,,,,,,,,,,,,,,,,,,,,,,,,,,,,,,,,,,,,,,,,,,,,,,,,,,,,,,,,,,,,,,,,,,,
,,,,,,,,,,,,,,,,,,,,,,,,,,,,,,,,,,,,,,,,,,,,,,,,,,,,,,,,,,,,,,,,,,,
,,,,,,,,,,,,,,,,,,,,,,,,,,,,,,,,,,,,,,,,,,,,,,,,,,,,,,,,,,,,,,,,,,,
,,,,,,,,,,,,,,,,,,,,,,,,,,,,,,,,,,,,,,,,,,,,,,,,,,,,,,,,,,,,,,,,,,,
,,,,,,,,,,,,,,,,,,,,,,,,,,,,,,,,,,,,,,,,,,,,,,,,,,,,,,,,,,,,,,,,,,,
,,,,,,,,,,,,,,,,,,,,,,,,,,,,,,,,,,,,,,,,,,,,,,,,,,,,,,,,,,,,,,,,,,,
,,,,,,,,,,,,,,,,,,,,,,,,,,,,,,,,,,,,,,,,,,,,,,,,,,,,,,,,,,,,,,,,,,,
,,,,,,,,,,,,,,,,,,,,,,,,,,,,,,,,,,,,,,,,,,,,,,,,,,,,,,,,,,,,,,,,,,,
,,,,,,,,,,,,,,,,,,,,,,,,,,,,,,,,,,,,,,,,,,,,,,,,,,,,,,,,,,,,,,,,,,,
,,,,,,,,,,,,,,,,,,,,,,,,,,,,,,,,,,,,,,,,,,,,,,,,,,,,,,,,,,,,,,,,,,,
,,,,,,,,,,,,,,,,,,,,,,,,,,,,,,,,,,,,,,,,,,,,,,,,,,,,,,,,,,,,,,,,,,,
,,,,,,,,,,,,,,,,,,,,,,,,,,,,,,,,,,,,,,,,,,,,,,,,,,,,,,,,,,,,,,,,,,,
,,,,,,,,,,,,,,,,,,,,,,,,,,,,,,,,,,,,,,,,,,,,,,,,,,,,,,,,,,,,,,,,,,,
,,,,,,,,,,,,,,,,,,,,,,,,,,,,,,,,,,,,,,,,,,,,,,,,,,,,,,,,,,,,,,,,,,,
,,,,,,,,,,,,,,,,,,,,,,,,,,,,,,,,,,,,,,,,,,,,,,,,,,,,,,,,,,,,,,,,,,,
,,,,,,,,,,,,,,,,,,,,,,,,,,,,,,,,,,,,,,,,,,,,,,,,,,,,,,,,,,,,,,,,,,,
,,,,,,,,,,,,,,,,,,,,,,,,,,,,,,,,,,,,,,,,,,,,,,,,,,,,,,,,,,,,,,,,,,,
,,,,,,,,,,,,,,,,,,,,,,,,,,,,,,,,,,,,,,,,,,,,,,,,,,,,,,,,,,,,,,,,,,,
,,,,,,,,,,,,,,,,,,,,,,,,,,,,,,,,,,,,,,,,,,,,,,,,,,,,,,,,,,,,,,,,,,,
,,,,,,,,,,,,,,,,,,,,,,,,,,,,,,,,,,,,,,,,,,,,,,,,,,,,,,,,,,,,,,,,,,,
,,,,,,,,,,,,,,,,,,,,,,,,,,,,,,,,,,,,,,,,,,,,,,,,,,,,,,,,,,,,,,,,,,,
,,,,,,,,,,,,,,,,,,,,,,,,,,,,,,,,,,,,,,,,,,,,,,,,,,,,,,,,,,,,,,,,,,,
,,,,,,,,,,,,,,,,,,,,,,,,,,,,,,,,,,,,,,,,,,,,,,,,,,,,,,,,,,,,,,,,,,,
,,,,,,,,,,,,,,,,,,,,,,,,,,,,,,,,,,,,,,,,,,,,,,,,,,,,,,,,,,,,,,,,,,,
,,,,,,,,,,,,,,,,,,,,,,,,,,,,,,,,,,,,,,,,,,,,,,,,,,,,,,,,,,,,,,,,,,,
,,,,,,,,,,,,,,,,,,,,,,,,,,,,,,,,,,,,,,,,,,,,,,,,,,,,,,,,,,,,,,,,,,,
,,,,,,,,,,,,,,,,,,,,,,,,,,,,,,,,,,,,,,,,,,,,,,,,,,,,,,,,,,,,,,,,,,,
,,,,,,,,,,,,,,,,,,,,,,,,,,,,,,,,,,,,,,,,,,,,,,,,,,,,,,,,,,,,,,,,,,,
,,,,,,,,,,,,,,,,,,,,,,,,,,,,,,,,,,,,,,,,,,,,,,,,,,,,,,,,,,,,,,,,,,,
,,,,,,,,,,,,,,,,,,,,,,,,,,,,,,,,,,,,,,,,,,,,,,,,,,,,,,,,,,,,,,,,,,,
,,,,,,,,,,,,,,,,,,,,,,,,,,,,,,,,,,,,,,,,,,,,,,,,,,,,,,,,,,,,,,,,,,,
,,,,,,,,,,,,,,,,,,,,,,,,,,,,,,,,,,,,,,,,,,,,,,,,,,,,,,,,,,,,,,,,,,,
,,,,,,,,,,,,,,,,,,,,,,,,,,,,,,,,,,,,,,,,,,,,,,,,,,,,,,,,,,,,,,,,,,,
,,,,,,,,,,,,,,,,,,,,,,,,,,,,,,,,,,,,,,,,,,,,,,,,,,,,,,,,,,,,,,,,,,,
,,,,,,,,,,,,,,,,,,,,,,,,,,,,,,,,,,,,,,,,,,,,,,,,,,,,,,,,,,,,,,,,,,,
,,,,,,,,,,,,,,,,,,,,,,,,,,,,,,,,,,,,,,,,,,,,,,,,,,,,,,,,,,,,,,,,,,,
,,,,,,,,,,,,,,,,,,,,,,,,,,,,,,,,,,,,,,,,,,,,,,,,,,,,,,,,,,,,,,,,,,,
,,,,,,,,,,,,,,,,,,,,,,,,,,,,,,,,,,,,,,,,,,,,,,,,,,,,,,,,,,,,,,,,,,,
,,,,,,,,,,,,,,,,,,,,,,,,,,,,,,,,,,,,,,,,,,,,,,,,,,,,,,,,,,,,,,,,,,,
,,,,,,,,,,,,,,,,,,,,,,,,,,,,,,,,,,,,,,,,,,,,,,,,,,,,,,,,,,,,,,,,,,,
,,,,,,,,,,,,,,,,,,,,,,,,,,,,,,,,,,,,,,,,,,,,,,,,,,,,,,,,,,,,,,,,,,,
,,,,,,,,,,,,,,,,,,,,,,,,,,,,,,,,,,,,,,,,,,,,,,,,,,,,,,,,,,,,,,,,,,,
,,,,,,,,,,,,,,,,,,,,,,,,,,,,,,,,,,,,,,,,,,,,,,,,,,,,,,,,,,,,,,,,,,,
,,,,,,,,,,,,,,,,,,,,,,,,,,,,,,,,,,,,,,,,,,,,,,,,,,,,,,,,,,,,,,,,,,,
,,,,,,,,,,,,,,,,,,,,,,,,,,,,,,,,,,,,,,,,,,,,,,,,,,,,,,,,,,,,,,,,,,,
,,,,,,,,,,,,,,,,,,,,,,,,,,,,,,,,,,,,,,,,,,,,,,,,,,,,,,,,,,,,,,,,,,,
,,,,,,,,,,,,,,,,,,,,,,,,,,,,,,,,,,,,,,,,,,,,,,,,,,,,,,,,,,,,,,,,,,,
,,,,,,,,,,,,,,,,,,,,,,,,,,,,,,,,,,,,,,,,,,,,,,,,,,,,,,,,,,,,,,,,,,,
,,,,,,,,,,,,,,,,,,,,,,,,,,,,,,,,,,,,,,,,,,,,,,,,,,,,,,,,,,,,,,,,,,,
,,,,,,,,,,,,,,,,,,,,,,,,,,,,,,,,,,,,,,,,,,,,,,,,,,,,,,,,,,,,,,,,,,,
,,,,,,,,,,,,,,,,,,,,,,,,,,,,,,,,,,,,,,,,,,,,,,,,,,,,,,,,,,,,,,,,,,,
,,,,,,,,,,,,,,,,,,,,,,,,,,,,,,,,,,,,,,,,,,,,,,,,,,,,,,,,,,,,,,,,,,,
,,,,,,,,,,,,,,,,,,,,,,,,,,,,,,,,,,,,,,,,,,,,,,,,,,,,,,,,,,,,,,,,,,,
,,,,,,,,,,,,,,,,,,,,,,,,,,,,,,,,,,,,,,,,,,,,,,,,,,,,,,,,,,,,,,,,,,,
,,,,,,,,,,,,,,,,,,,,,,,,,,,,,,,,,,,,,,,,,,,,,,,,,,,,,,,,,,,,,,,,,,,
,,,,,,,,,,,,,,,,,,,,,,,,,,,,,,,,,,,,,,,,,,,,,,,,,,,,,,,,,,,,,,,,,,,
,,,,,,,,,,,,,,,,,,,,,,,,,,,,,,,,,,,,,,,,,,,,,,,,,,,,,,,,,,,,,,,,,,,
,,,,,,,,,,,,,,,,,,,,,,,,,,,,,,,,,,,,,,,,,,,,,,,,,,,,,,,,,,,,,,,,,,,
,,,,,,,,,,,,,,,,,,,,,,,,,,,,,,,,,,,,,,,,,,,,,,,,,,,,,,,,,,,,,,,,,,,
,,,,,,,,,,,,,,,,,,,,,,,,,,,,,,,,,,,,,,,,,,,,,,,,,,,,,,,,,,,,,,,,,,,
,,,,,,,,,,,,,,,,,,,,,,,,,,,,,,,,,,,,,,,,,,,,,,,,,,,,,,,,,,,,,,,,,,,
,,,,,,,,,,,,,,,,,,,,,,,,,,,,,,,,,,,,,,,,,,,,,,,,,,,,,,,,,,,,,,,,,,,
,,,,,,,,,,,,,,,,,,,,,,,,,,,,,,,,,,,,,,,,,,,,,,,,,,,,,,,,,,,,,,,,,,,
,,,,,,,,,,,,,,,,,,,,,,,,,,,,,,,,,,,,,,,,,,,,,,,,,,,,,,,,,,,,,,,,,,,
,,,,,,,,,,,,,,,,,,,,,,,,,,,,,,,,,,,,,,,,,,,,,,,,,,,,,,,,,,,,,,,,,,,
,,,,,,,,,,,,,,,,,,,,,,,,,,,,,,,,,,,,,,,,,,,,,,,,,,,,,,,,,,,,,,,,,,,
,,,,,,,,,,,,,,,,,,,,,,,,,,,,,,,,,,,,,,,,,,,,,,,,,,,,,,,,,,,,,,,,,,,
,,,,,,,,,,,,,,,,,,,,,,,,,,,,,,,,,,,,,,,,,,,,,,,,,,,,,,,,,,,,,,,,,,,
,,,,,,,,,,,,,,,,,,,,,,,,,,,,,,,,,,,,,,,,,,,,,,,,,,,,,,,,,,,,,,,,,,,
,,,,,,,,,,,,,,,,,,,,,,,,,,,,,,,,,,,,,,,,,,,,,,,,,,,,,,,,,,,,,,,,,,,
,,,,,,,,,,,,,,,,,,,,,,,,,,,,,,,,,,,,,,,,,,,,,,,,,,,,,,,,,,,,,,,,,,,
,,,,,,,,,,,,,,,,,,,,,,,,,,,,,,,,,,,,,,,,,,,,,,,,,,,,,,,,,,,,,,,,,,,
,,,,,,,,,,,,,,,,,,,,,,,,,,,,,,,,,,,,,,,,,,,,,,,,,,,,,,,,,,,,,,,,,,,
,,,,,,,,,,,,,,,,,,,,,,,,,,,,,,,,,,,,,,,,,,,,,,,,,,,,,,,,,,,,,,,,,,,
,,,,,,,,,,,,,,,,,,,,,,,,,,,,,,,,,,,,,,,,,,,,,,,,,,,,,,,,,,,,,,,,,,,
,,,,,,,,,,,,,,,,,,,,,,,,,,,,,,,,,,,,,,,,,,,,,,,,,,,,,,,,,,,,,,,,,,,
,,,,,,,,,,,,,,,,,,,,,,,,,,,,,,,,,,,,,,,,,,,,,,,,,,,,,,,,,,,,,,,,,,,
,,,,,,,,,,,,,,,,,,,,,,,,,,,,,,,,,,,,,,,,,,,,,,,,,,,,,,,,,,,,,,,,,,,
,,,,,,,,,,,,,,,,,,,,,,,,,,,,,,,,,,,,,,,,,,,,,,,,,,,,,,,,,,,,,,,,,,,
,,,,,,,,,,,,,,,,,,,,,,,,,,,,,,,,,,,,,,,,,,,,,,,,,,,,,,,,,,,,,,,,,,,
,,,,,,,,,,,,,,,,,,,,,,,,,,,,,,,,,,,,,,,,,,,,,,,,,,,,,,,,,,,,,,,,,,,
,,,,,,,,,,,,,,,,,,,,,,,,,,,,,,,,,,,,,,,,,,,,,,,,,,,,,,,,,,,,,,,,,,,
,,,,,,,,,,,,,,,,,,,,,,,,,,,,,,,,,,,,,,,,,,,,,,,,,,,,,,,,,,,,,,,,,,,
,,,,,,,,,,,,,,,,,,,,,,,,,,,,,,,,,,,,,,,,,,,,,,,,,,,,,,,,,,,,,,,,,,,
,,,,,,,,,,,,,,,,,,,,,,,,,,,,,,,,,,,,,,,,,,,,,,,,,,,,,,,,,,,,,,,,,,,
,,,,,,,,,,,,,,,,,,,,,,,,,,,,,,,,,,,,,,,,,,,,,,,,,,,,,,,,,,,,,,,,,,,
,,,,,,,,,,,,,,,,,,,,,,,,,,,,,,,,,,,,,,,,,,,,,,,,,,,,,,,,,,,,,,,,,,,
,,,,,,,,,,,,,,,,,,,,,,,,,,,,,,,,,,,,,,,,,,,,,,,,,,,,,,,,,,,,,,,,,,,
,,,,,,,,,,,,,,,,,,,,,,,,,,,,,,,,,,,,,,,,,,,,,,,,,,,,,,,,,,,,,,,,,,,
,,,,,,,,,,,,,,,,,,,,,,,,,,,,,,,,,,,,,,,,,,,,,,,,,,,,,,,,,,,,,,,,,,,
,,,,,,,,,,,,,,,,,,,,,,,,,,,,,,,,,,,,,,,,,,,,,,,,,,,,,,,,,,,,,,,,,,,
,,,,,,,,,,,,,,,,,,,,,,,,,,,,,,,,,,,,,,,,,,,,,,,,,,,,,,,,,,,,,,,,,,,
,,,,,,,,,,,,,,,,,,,,,,,,,,,,,,,,,,,,,,,,,,,,,,,,,,,,,,,,,,,,,,,,,,,
,,,,,,,,,,,,,,,,,,,,,,,,,,,,,,,,,,,,,,,,,,,,,,,,,,,,,,,,,,,,,,,,,,,
,,,,,,,,,,,,,,,,,,,,,,,,,,,,,,,,,,,,,,,,,,,,,,,,,,,,,,,,,,,,,,,,,,,
,,,,,,,,,,,,,,,,,,,,,,,,,,,,,,,,,,,,,,,,,,,,,,,,,,,,,,,,,,,,,,,,,,,
,,,,,,,,,,,,,,,,,,,,,,,,,,,,,,,,,,,,,,,,,,,,,,,,,,,,,,,,,,,,,,,,,,,
,,,,,,,,,,,,,,,,,,,,,,,,,,,,,,,,,,,,,,,,,,,,,,,,,,,,,,,,,,,,,,,,,,,
,,,,,,,,,,,,,,,,,,,,,,,,,,,,,,,,,,,,,,,,,,,,,,,,,,,,,,,,,,,,,,,,,,,
,,,,,,,,,,,,,,,,,,,,,,,,,,,,,,,,,,,,,,,,,,,,,,,,,,,,,,,,,,,,,,,,,,,
,,,,,,,,,,,,,,,,,,,,,,,,,,,,,,,,,,,,,,,,,,,,,,,,,,,,,,,,,,,,,,,,,,,
,,,,,,,,,,,,,,,,,,,,,,,,,,,,,,,,,,,,,,,,,,,,,,,,,,,,,,,,,,,,,,,,,,,
,,,,,,,,,,,,,,,,,,,,,,,,,,,,,,,,,,,,,,,,,,,,,,,,,,,,,,,,,,,,,,,,,,,
,,,,,,,,,,,,,,,,,,,,,,,,,,,,,,,,,,,,,,,,,,,,,,,,,,,,,,,,,,,,,,,,,,,
,,,,,,,,,,,,,,,,,,,,,,,,,,,,,,,,,,,,,,,,,,,,,,,,,,,,,,,,,,,,,,,,,,,
,,,,,,,,,,,,,,,,,,,,,,,,,,,,,,,,,,,,,,,,,,,,,,,,,,,,,,,,,,,,,,,,,,,
,,,,,,,,,,,,,,,,,,,,,,,,,,,,,,,,,,,,,,,,,,,,,,,,,,,,,,,,,,,,,,,,,,,
,,,,,,,,,,,,,,,,,,,,,,,,,,,,,,,,,,,,,,,,,,,,,,,,,,,,,,,,,,,,,,,,,,,
,,,,,,,,,,,,,,,,,,,,,,,,,,,,,,,,,,,,,,,,,,,,,,,,,,,,,,,,,,,,,,,,,,,
,,,,,,,,,,,,,,,,,,,,,,,,,,,,,,,,,,,,,,,,,,,,,,,,,,,,,,,,,,,,,,,,,,,
,,,,,,,,,,,,,,,,,,,,,,,,,,,,,,,,,,,,,,,,,,,,,,,,,,,,,,,,,,,,,,,,,,,
,,,,,,,,,,,,,,,,,,,,,,,,,,,,,,,,,,,,,,,,,,,,,,,,,,,,,,,,,,,,,,,,,,,
,,,,,,,,,,,,,,,,,,,,,,,,,,,,,,,,,,,,,,,,,,,,,,,,,,,,,,,,,,,,,,,,,,,
,,,,,,,,,,,,,,,,,,,,,,,,,,,,,,,,,,,,,,,,,,,,,,,,,,,,,,,,,,,,,,,,,,,
,,,,,,,,,,,,,,,,,,,,,,,,,,,,,,,,,,,,,,,,,,,,,,,,,,,,,,,,,,,,,,,,,,,
,,,,,,,,,,,,,,,,,,,,,,,,,,,,,,,,,,,,,,,,,,,,,,,,,,,,,,,,,,,,,,,,,,,
,,,,,,,,,,,,,,,,,,,,,,,,,,,,,,,,,,,,,,,,,,,,,,,,,,,,,,,,,,,,,,,,,,,
,,,,,,,,,,,,,,,,,,,,,,,,,,,,,,,,,,,,,,,,,,,,,,,,,,,,,,,,,,,,,,,,,,,
,,,,,,,,,,,,,,,,,,,,,,,,,,,,,,,,,,,,,,,,,,,,,,,,,,,,,,,,,,,,,,,,,,,
,,,,,,,,,,,,,,,,,,,,,,,,,,,,,,,,,,,,,,,,,,,,,,,,,,,,,,,,,,,,,,,,,,,
,,,,,,,,,,,,,,,,,,,,,,,,,,,,,,,,,,,,,,,,,,,,,,,,,,,,,,,,,,,,,,,,,,,
,,,,,,,,,,,,,,,,,,,,,,,,,,,,,,,,,,,,,,,,,,,,,,,,,,,,,,,,,,,,,,,,,,,
,,,,,,,,,,,,,,,,,,,,,,,,,,,,,,,,,,,,,,,,,,,,,,,,,,,,,,,,,,,,,,,,,,,
,,,,,,,,,,,,,,,,,,,,,,,,,,,,,,,,,,,,,,,,,,,,,,,,,,,,,,,,,,,,,,,,,,,
,,,,,,,,,,,,,,,,,,,,,,,,,,,,,,,,,,,,,,,,,,,,,,,,,,,,,,,,,,,,,,,,,,,
,,,,,,,,,,,,,,,,,,,,,,,,,,,,,,,,,,,,,,,,,,,,,,,,,,,,,,,,,,,,,,,,,,,
,,,,,,,,,,,,,,,,,,,,,,,,,,,,,,,,,,,,,,,,,,,,,,,,,,,,,,,,,,,,,,,,,,,
,,,,,,,,,,,,,,,,,,,,,,,,,,,,,,,,,,,,,,,,,,,,,,,,,,,,,,,,,,,,,,,,,,,
,,,,,,,,,,,,,,,,,,,,,,,,,,,,,,,,,,,,,,,,,,,,,,,,,,,,,,,,,,,,,,,,,,,
,,,,,,,,,,,,,,,,,,,,,,,,,,,,,,,,,,,,,,,,,,,,,,,,,,,,,,,,,,,,,,,,,,,
,,,,,,,,,,,,,,,,,,,,,,,,,,,,,,,,,,,,,,,,,,,,,,,,,,,,,,,,,,,,,,,,,,,
,,,,,,,,,,,,,,,,,,,,,,,,,,,,,,,,,,,,,,,,,,,,,,,,,,,,,,,,,,,,,,,,,,,
,,,,,,,,,,,,,,,,,,,,,,,,,,,,,,,,,,,,,,,,,,,,,,,,,,,,,,,,,,,,,,,,,,,
,,,,,,,,,,,,,,,,,,,,,,,,,,,,,,,,,,,,,,,,,,,,,,,,,,,,,,,,,,,,,,,,,,,
,,,,,,,,,,,,,,,,,,,,,,,,,,,,,,,,,,,,,,,,,,,,,,,,,,,,,,,,,,,,,,,,,,,
,,,,,,,,,,,,,,,,,,,,,,,,,,,,,,,,,,,,,,,,,,,,,,,,,,,,,,,,,,,,,,,,,,,
,,,,,,,,,,,,,,,,,,,,,,,,,,,,,,,,,,,,,,,,,,,,,,,,,,,,,,,,,,,,,,,,,,,
,,,,,,,,,,,,,,,,,,,,,,,,,,,,,,,,,,,,,,,,,,,,,,,,,,,,,,,,,,,,,,,,,,,
,,,,,,,,,,,,,,,,,,,,,,,,,,,,,,,,,,,,,,,,,,,,,,,,,,,,,,,,,,,,,,,,,,,
,,,,,,,,,,,,,,,,,,,,,,,,,,,,,,,,,,,,,,,,,,,,,,,,,,,,,,,,,,,,,,,,,,,
,,,,,,,,,,,,,,,,,,,,,,,,,,,,,,,,,,,,,,,,,,,,,,,,,,,,,,,,,,,,,,,,,,,
,,,,,,,,,,,,,,,,,,,,,,,,,,,,,,,,,,,,,,,,,,,,,,,,,,,,,,,,,,,,,,,,,,,
,,,,,,,,,,,,,,,,,,,,,,,,,,,,,,,,,,,,,,,,,,,,,,,,,,,,,,,,,,,,,,,,,,,
,,,,,,,,,,,,,,,,,,,,,,,,,,,,,,,,,,,,,,,,,,,,,,,,,,,,,,,,,,,,,,,,,,,
,,,,,,,,,,,,,,,,,,,,,,,,,,,,,,,,,,,,,,,,,,,,,,,,,,,,,,,,,,,,,,,,,,,
,,,,,,,,,,,,,,,,,,,,,,,,,,,,,,,,,,,,,,,,,,,,,,,,,,,,,,,,,,,,,,,,,,,
,,,,,,,,,,,,,,,,,,,,,,,,,,,,,,,,,,,,,,,,,,,,,,,,,,,,,,,,,,,,,,,,,,,
,,,,,,,,,,,,,,,,,,,,,,,,,,,,,,,,,,,,,,,,,,,,,,,,,,,,,,,,,,,,,,,,,,,
,,,,,,,,,,,,,,,,,,,,,,,,,,,,,,,,,,,,,,,,,,,,,,,,,,,,,,,,,,,,,,,,,,,
,,,,,,,,,,,,,,,,,,,,,,,,,,,,,,,,,,,,,,,,,,,,,,,,,,,,,,,,,,,,,,,,,,,
,,,,,,,,,,,,,,,,,,,,,,,,,,,,,,,,,,,,,,,,,,,,,,,,,,,,,,,,,,,,,,,,,,,
,,,,,,,,,,,,,,,,,,,,,,,,,,,,,,,,,,,,,,,,,,,,,,,,,,,,,,,,,,,,,,,,,,,
,,,,,,,,,,,,,,,,,,,,,,,,,,,,,,,,,,,,,,,,,,,,,,,,,,,,,,,,,,,,,,,,,,,
,,,,,,,,,,,,,,,,,,,,,,,,,,,,,,,,,,,,,,,,,,,,,,,,,,,,,,,,,,,,,,,,,,,
,,,,,,,,,,,,,,,,,,,,,,,,,,,,,,,,,,,,,,,,,,,,,,,,,,,,,,,,,,,,,,,,,,,
,,,,,,,,,,,,,,,,,,,,,,,,,,,,,,,,,,,,,,,,,,,,,,,,,,,,,,,,,,,,,,,,,,,
,,,,,,,,,,,,,,,,,,,,,,,,,,,,,,,,,,,,,,,,,,,,,,,,,,,,,,,,,,,,,,,,,,,
,,,,,,,,,,,,,,,,,,,,,,,,,,,,,,,,,,,,,,,,,,,,,,,,,,,,,,,,,,,,,,,,,,,
,,,,,,,,,,,,,,,,,,,,,,,,,,,,,,,,,,,,,,,,,,,,,,,,,,,,,,,,,,,,,,,,,,,
,,,,,,,,,,,,,,,,,,,,,,,,,,,,,,,,,,,,,,,,,,,,,,,,,,,,,,,,,,,,,,,,,,,
,,,,,,,,,,,,,,,,,,,,,,,,,,,,,,,,,,,,,,,,,,,,,,,,,,,,,,,,,,,,,,,,,,,
,,,,,,,,,,,,,,,,,,,,,,,,,,,,,,,,,,,,,,,,,,,,,,,,,,,,,,,,,,,,,,,,,,,
,,,,,,,,,,,,,,,,,,,,,,,,,,,,,,,,,,,,,,,,,,,,,,,,,,,,,,,,,,,,,,,,,,,
,,,,,,,,,,,,,,,,,,,,,,,,,,,,,,,,,,,,,,,,,,,,,,,,,,,,,,,,,,,,,,,,,,,
,,,,,,,,,,,,,,,,,,,,,,,,,,,,,,,,,,,,,,,,,,,,,,,,,,,,,,,,,,,,,,,,,,,
,,,,,,,,,,,,,,,,,,,,,,,,,,,,,,,,,,,,,,,,,,,,,,,,,,,,,,,,,,,,,,,,,,,
,,,,,,,,,,,,,,,,,,,,,,,,,,,,,,,,,,,,,,,,,,,,,,,,,,,,,,,,,,,,,,,,,,,
,,,,,,,,,,,,,,,,,,,,,,,,,,,,,,,,,,,,,,,,,,,,,,,,,,,,,,,,,,,,,,,,,,,
,,,,,,,,,,,,,,,,,,,,,,,,,,,,,,,,,,,,,,,,,,,,,,,,,,,,,,,,,,,,,,,,,,,
,,,,,,,,,,,,,,,,,,,,,,,,,,,,,,,,,,,,,,,,,,,,,,,,,,,,,,,,,,,,,,,,,,,
,,,,,,,,,,,,,,,,,,,,,,,,,,,,,,,,,,,,,,,,,,,,,,,,,,,,,,,,,,,,,,,,,,,
,,,,,,,,,,,,,,,,,,,,,,,,,,,,,,,,,,,,,,,,,,,,,,,,,,,,,,,,,,,,,,,,,,,
,,,,,,,,,,,,,,,,,,,,,,,,,,,,,,,,,,,,,,,,,,,,,,,,,,,,,,,,,,,,,,,,,,,
,,,,,,,,,,,,,,,,,,,,,,,,,,,,,,,,,,,,,,,,,,,,,,,,,,,,,,,,,,,,,,,,,,,
,,,,,,,,,,,,,,,,,,,,,,,,,,,,,,,,,,,,,,,,,,,,,,,,,,,,,,,,,,,,,,,,,,,
,,,,,,,,,,,,,,,,,,,,,,,,,,,,,,,,,,,,,,,,,,,,,,,,,,,,,,,,,,,,,,,,,,,
,,,,,,,,,,,,,,,,,,,,,,,,,,,,,,,,,,,,,,,,,,,,,,,,,,,,,,,,,,,,,,,,,,,
,,,,,,,,,,,,,,,,,,,,,,,,,,,,,,,,,,,,,,,,,,,,,,,,,,,,,,,,,,,,,,,,,,,
,,,,,,,,,,,,,,,,,,,,,,,,,,,,,,,,,,,,,,,,,,,,,,,,,,,,,,,,,,,,,,,,,,,
,,,,,,,,,,,,,,,,,,,,,,,,,,,,,,,,,,,,,,,,,,,,,,,,,,,,,,,,,,,,,,,,,,,
,,,,,,,,,,,,,,,,,,,,,,,,,,,,,,,,,,,,,,,,,,,,,,,,,,,,,,,,,,,,,,,,,,,
,,,,,,,,,,,,,,,,,,,,,,,,,,,,,,,,,,,,,,,,,,,,,,,,,,,,,,,,,,,,,,,,,,,
,,,,,,,,,,,,,,,,,,,,,,,,,,,,,,,,,,,,,,,,,,,,,,,,,,,,,,,,,,,,,,,,,,,
,,,,,,,,,,,,,,,,,,,,,,,,,,,,,,,,,,,,,,,,,,,,,,,,,,,,,,,,,,,,,,,,,,,
,,,,,,,,,,,,,,,,,,,,,,,,,,,,,,,,,,,,,,,,,,,,,,,,,,,,,,,,,,,,,,,,,,,
,,,,,,,,,,,,,,,,,,,,,,,,,,,,,,,,,,,,,,,,,,,,,,,,,,,,,,,,,,,,,,,,,,,
,,,,,,,,,,,,,,,,,,,,,,,,,,,,,,,,,,,,,,,,,,,,,,,,,,,,,,,,,,,,,,,,,,,
,,,,,,,,,,,,,,,,,,,,,,,,,,,,,,,,,,,,,,,,,,,,,,,,,,,,,,,,,,,,,,,,,,,
,,,,,,,,,,,,,,,,,,,,,,,,,,,,,,,,,,,,,,,,,,,,,,,,,,,,,,,,,,,,,,,,,,,
,,,,,,,,,,,,,,,,,,,,,,,,,,,,,,,,,,,,,,,,,,,,,,,,,,,,,,,,,,,,,,,,,,,
,,,,,,,,,,,,,,,,,,,,,,,,,,,,,,,,,,,,,,,,,,,,,,,,,,,,,,,,,,,,,,,,,,,
,,,,,,,,,,,,,,,,,,,,,,,,,,,,,,,,,,,,,,,,,,,,,,,,,,,,,,,,,,,,,,,,,,,
,,,,,,,,,,,,,,,,,,,,,,,,,,,,,,,,,,,,,,,,,,,,,,,,,,,,,,,,,,,,,,,,,,,
,,,,,,,,,,,,,,,,,,,,,,,,,,,,,,,,,,,,,,,,,,,,,,,,,,,,,,,,,,,,,,,,,,,
,,,,,,,,,,,,,,,,,,,,,,,,,,,,,,,,,,,,,,,,,,,,,,,,,,,,,,,,,,,,,,,,,,,
,,,,,,,,,,,,,,,,,,,,,,,,,,,,,,,,,,,,,,,,,,,,,,,,,,,,,,,,,,,,,,,,,,,
,,,,,,,,,,,,,,,,,,,,,,,,,,,,,,,,,,,,,,,,,,,,,,,,,,,,,,,,,,,,,,,,,,,
,,,,,,,,,,,,,,,,,,,,,,,,,,,,,,,,,,,,,,,,,,,,,,,,,,,,,,,,,,,,,,,,,,,
,,,,,,,,,,,,,,,,,,,,,,,,,,,,,,,,,,,,,,,,,,,,,,,,,,,,,,,,,,,,,,,,,,,
,,,,,,,,,,,,,,,,,,,,,,,,,,,,,,,,,,,,,,,,,,,,,,,,,,,,,,,,,,,,,,,,,,,
,,,,,,,,,,,,,,,,,,,,,,,,,,,,,,,,,,,,,,,,,,,,,,,,,,,,,,,,,,,,,,,,,,,
,,,,,,,,,,,,,,,,,,,,,,,,,,,,,,,,,,,,,,,,,,,,,,,,,,,,,,,,,,,,,,,,,,,
,,,,,,,,,,,,,,,,,,,,,,,,,,,,,,,,,,,,,,,,,,,,,,,,,,,,,,,,,,,,,,,,,,,
,,,,,,,,,,,,,,,,,,,,,,,,,,,,,,,,,,,,,,,,,,,,,,,,,,,,,,,,,,,,,,,,,,,
,,,,,,,,,,,,,,,,,,,,,,,,,,,,,,,,,,,,,,,,,,,,,,,,,,,,,,,,,,,,,,,,,,,
,,,,,,,,,,,,,,,,,,,,,,,,,,,,,,,,,,,,,,,,,,,,,,,,,,,,,,,,,,,,,,,,,,,
,,,,,,,,,,,,,,,,,,,,,,,,,,,,,,,,,,,,,,,,,,,,,,,,,,,,,,,,,,,,,,,,,,,
,,,,,,,,,,,,,,,,,,,,,,,,,,,,,,,,,,,,,,,,,,,,,,,,,,,,,,,,,,,,,,,,,,,
,,,,,,,,,,,,,,,,,,,,,,,,,,,,,,,,,,,,,,,,,,,,,,,,,,,,,,,,,,,,,,,,,,,
,,,,,,,,,,,,,,,,,,,,,,,,,,,,,,,,,,,,,,,,,,,,,,,,,,,,,,,,,,,,,,,,,,,
,,,,,,,,,,,,,,,,,,,,,,,,,,,,,,,,,,,,,,,,,,,,,,,,,,,,,,,,,,,,,,,,,,,
,,,,,,,,,,,,,,,,,,,,,,,,,,,,,,,,,,,,,,,,,,,,,,,,,,,,,,,,,,,,,,,,,,,
,,,,,,,,,,,,,,,,,,,,,,,,,,,,,,,,,,,,,,,,,,,,,,,,,,,,,,,,,,,,,,,,,,,
,,,,,,,,,,,,,,,,,,,,,,,,,,,,,,,,,,,,,,,,,,,,,,,,,,,,,,,,,,,,,,,,,,,
,,,,,,,,,,,,,,,,,,,,,,,,,,,,,,,,,,,,,,,,,,,,,,,,,,,,,,,,,,,,,,,,,,,
,,,,,,,,,,,,,,,,,,,,,,,,,,,,,,,,,,,,,,,,,,,,,,,,,,,,,,,,,,,,,,,,,,,
,,,,,,,,,,,,,,,,,,,,,,,,,,,,,,,,,,,,,,,,,,,,,,,,,,,,,,,,,,,,,,,,,,,
,,,,,,,,,,,,,,,,,,,,,,,,,,,,,,,,,,,,,,,,,,,,,,,,,,,,,,,,,,,,,,,,,,,
,,,,,,,,,,,,,,,,,,,,,,,,,,,,,,,,,,,,,,,,,,,,,,,,,,,,,,,,,,,,,,,,,,,
,,,,,,,,,,,,,,,,,,,,,,,,,,,,,,,,,,,,,,,,,,,,,,,,,,,,,,,,,,,,,,,,,,,
,,,,,,,,,,,,,,,,,,,,,,,,,,,,,,,,,,,,,,,,,,,,,,,,,,,,,,,,,,,,,,,,,,,
,,,,,,,,,,,,,,,,,,,,,,,,,,,,,,,,,,,,,,,,,,,,,,,,,,,,,,,,,,,,,,,,,,,
,,,,,,,,,,,,,,,,,,,,,,,,,,,,,,,,,,,,,,,,,,,,,,,,,,,,,,,,,,,,,,,,,,,
,,,,,,,,,,,,,,,,,,,,,,,,,,,,,,,,,,,,,,,,,,,,,,,,,,,,,,,,,,,,,,,,,,,
,,,,,,,,,,,,,,,,,,,,,,,,,,,,,,,,,,,,,,,,,,,,,,,,,,,,,,,,,,,,,,,,,,,
,,,,,,,,,,,,,,,,,,,,,,,,,,,,,,,,,,,,,,,,,,,,,,,,,,,,,,,,,,,,,,,,,,,
,,,,,,,,,,,,,,,,,,,,,,,,,,,,,,,,,,,,,,,,,,,,,,,,,,,,,,,,,,,,,,,,,,,
,,,,,,,,,,,,,,,,,,,,,,,,,,,,,,,,,,,,,,,,,,,,,,,,,,,,,,,,,,,,,,,,,,,
,,,,,,,,,,,,,,,,,,,,,,,,,,,,,,,,,,,,,,,,,,,,,,,,,,,,,,,,,,,,,,,,,,,
,,,,,,,,,,,,,,,,,,,,,,,,,,,,,,,,,,,,,,,,,,,,,,,,,,,,,,,,,,,,,,,,,,,
,,,,,,,,,,,,,,,,,,,,,,,,,,,,,,,,,,,,,,,,,,,,,,,,,,,,,,,,,,,,,,,,,,,
,,,,,,,,,,,,,,,,,,,,,,,,,,,,,,,,,,,,,,,,,,,,,,,,,,,,,,,,,,,,,,,,,,,
,,,,,,,,,,,,,,,,,,,,,,,,,,,,,,,,,,,,,,,,,,,,,,,,,,,,,,,,,,,,,,,,,,,
,,,,,,,,,,,,,,,,,,,,,,,,,,,,,,,,,,,,,,,,,,,,,,,,,,,,,,,,,,,,,,,,,,,
,,,,,,,,,,,,,,,,,,,,,,,,,,,,,,,,,,,,,,,,,,,,,,,,,,,,,,,,,,,,,,,,,,,
,,,,,,,,,,,,,,,,,,,,,,,,,,,,,,,,,,,,,,,,,,,,,,,,,,,,,,,,,,,,,,,,,,,
,,,,,,,,,,,,,,,,,,,,,,,,,,,,,,,,,,,,,,,,,,,,,,,,,,,,,,,,,,,,,,,,,,,
,,,,,,,,,,,,,,,,,,,,,,,,,,,,,,,,,,,,,,,,,,,,,,,,,,,,,,,,,,,,,,,,,,,
,,,,,,,,,,,,,,,,,,,,,,,,,,,,,,,,,,,,,,,,,,,,,,,,,,,,,,,,,,,,,,,,,,,
,,,,,,,,,,,,,,,,,,,,,,,,,,,,,,,,,,,,,,,,,,,,,,,,,,,,,,,,,,,,,,,,,,,
,,,,,,,,,,,,,,,,,,,,,,,,,,,,,,,,,,,,,,,,,,,,,,,,,,,,,,,,,,,,,,,,,,,
,,,,,,,,,,,,,,,,,,,,,,,,,,,,,,,,,,,,,,,,,,,,,,,,,,,,,,,,,,,,,,,,,,,
,,,,,,,,,,,,,,,,,,,,,,,,,,,,,,,,,,,,,,,,,,,,,,,,,,,,,,,,,,,,,,,,,,,
,,,,,,,,,,,,,,,,,,,,,,,,,,,,,,,,,,,,,,,,,,,,,,,,,,,,,,,,,,,,,,,,,,,
,,,,,,,,,,,,,,,,,,,,,,,,,,,,,,,,,,,,,,,,,,,,,,,,,,,,,,,,,,,,,,,,,,,
,,,,,,,,,,,,,,,,,,,,,,,,,,,,,,,,,,,,,,,,,,,,,,,,,,,,,,,,,,,,,,,,,,,
,,,,,,,,,,,,,,,,,,,,,,,,,,,,,,,,,,,,,,,,,,,,,,,,,,,,,,,,,,,,,,,,,,,
,,,,,,,,,,,,,,,,,,,,,,,,,,,,,,,,,,,,,,,,,,,,,,,,,,,,,,,,,,,,,,,,,,,
,,,,,,,,,,,,,,,,,,,,,,,,,,,,,,,,,,,,,,,,,,,,,,,,,,,,,,,,,,,,,,,,,,,
,,,,,,,,,,,,,,,,,,,,,,,,,,,,,,,,,,,,,,,,,,,,,,,,,,,,,,,,,,,,,,,,,,,
,,,,,,,,,,,,,,,,,,,,,,,,,,,,,,,,,,,,,,,,,,,,,,,,,,,,,,,,,,,,,,,,,,,
,,,,,,,,,,,,,,,,,,,,,,,,,,,,,,,,,,,,,,,,,,,,,,,,,,,,,,,,,,,,,,,,,,,
,,,,,,,,,,,,,,,,,,,,,,,,,,,,,,,,,,,,,,,,,,,,,,,,,,,,,,,,,,,,,,,,,,,
,,,,,,,,,,,,,,,,,,,,,,,,,,,,,,,,,,,,,,,,,,,,,,,,,,,,,,,,,,,,,,,,,,,
,,,,,,,,,,,,,,,,,,,,,,,,,,,,,,,,,,,,,,,,,,,,,,,,,,,,,,,,,,,,,,,,,,,
,,,,,,,,,,,,,,,,,,,,,,,,,,,,,,,,,,,,,,,,,,,,,,,,,,,,,,,,,,,,,,,,,,,
,,,,,,,,,,,,,,,,,,,,,,,,,,,,,,,,,,,,,,,,,,,,,,,,,,,,,,,,,,,,,,,,,,,
,,,,,,,,,,,,,,,,,,,,,,,,,,,,,,,,,,,,,,,,,,,,,,,,,,,,,,,,,,,,,,,,,,,
,,,,,,,,,,,,,,,,,,,,,,,,,,,,,,,,,,,,,,,,,,,,,,,,,,,,,,,,,,,,,,,,,,,
,,,,,,,,,,,,,,,,,,,,,,,,,,,,,,,,,,,,,,,,,,,,,,,,,,,,,,,,,,,,,,,,,,,
,,,,,,,,,,,,,,,,,,,,,,,,,,,,,,,,,,,,,,,,,,,,,,,,,,,,,,,,,,,,,,,,,,,
,,,,,,,,,,,,,,,,,,,,,,,,,,,,,,,,,,,,,,,,,,,,,,,,,,,,,,,,,,,,,,,,,,,
,,,,,,,,,,,,,,,,,,,,,,,,,,,,,,,,,,,,,,,,,,,,,,,,,,,,,,,,,,,,,,,,,,,
,,,,,,,,,,,,,,,,,,,,,,,,,,,,,,,,,,,,,,,,,,,,,,,,,,,,,,,,,,,,,,,,,,,
,,,,,,,,,,,,,,,,,,,,,,,,,,,,,,,,,,,,,,,,,,,,,,,,,,,,,,,,,,,,,,,,,,,
,,,,,,,,,,,,,,,,,,,,,,,,,,,,,,,,,,,,,,,,,,,,,,,,,,,,,,,,,,,,,,,,,,,
,,,,,,,,,,,,,,,,,,,,,,,,,,,,,,,,,,,,,,,,,,,,,,,,,,,,,,,,,,,,,,,,,,,
,,,,,,,,,,,,,,,,,,,,,,,,,,,,,,,,,,,,,,,,,,,,,,,,,,,,,,,,,,,,,,,,,,,
,,,,,,,,,,,,,,,,,,,,,,,,,,,,,,,,,,,,,,,,,,,,,,,,,,,,,,,,,,,,,,,,,,,
,,,,,,,,,,,,,,,,,,,,,,,,,,,,,,,,,,,,,,,,,,,,,,,,,,,,,,,,,,,,,,,,,,,
,,,,,,,,,,,,,,,,,,,,,,,,,,,,,,,,,,,,,,,,,,,,,,,,,,,,,,,,,,,,,,,,,,,
,,,,,,,,,,,,,,,,,,,,,,,,,,,,,,,,,,,,,,,,,,,,,,,,,,,,,,,,,,,,,,,,,,,
,,,,,,,,,,,,,,,,,,,,,,,,,,,,,,,,,,,,,,,,,,,,,,,,,,,,,,,,,,,,,,,,,,,
,,,,,,,,,,,,,,,,,,,,,,,,,,,,,,,,,,,,,,,,,,,,,,,,,,,,,,,,,,,,,,,,,,,
,,,,,,,,,,,,,,,,,,,,,,,,,,,,,,,,,,,,,,,,,,,,,,,,,,,,,,,,,,,,,,,,,,,
,,,,,,,,,,,,,,,,,,,,,,,,,,,,,,,,,,,,,,,,,,,,,,,,,,,,,,,,,,,,,,,,,,,
,,,,,,,,,,,,,,,,,,,,,,,,,,,,,,,,,,,,,,,,,,,,,,,,,,,,,,,,,,,,,,,,,,,
,,,,,,,,,,,,,,,,,,,,,,,,,,,,,,,,,,,,,,,,,,,,,,,,,,,,,,,,,,,,,,,,,,,
,,,,,,,,,,,,,,,,,,,,,,,,,,,,,,,,,,,,,,,,,,,,,,,,,,,,,,,,,,,,,,,,,,,
,,,,,,,,,,,,,,,,,,,,,,,,,,,,,,,,,,,,,,,,,,,,,,,,,,,,,,,,,,,,,,,,,,,
,,,,,,,,,,,,,,,,,,,,,,,,,,,,,,,,,,,,,,,,,,,,,,,,,,,,,,,,,,,,,,,,,,,
,,,,,,,,,,,,,,,,,,,,,,,,,,,,,,,,,,,,,,,,,,,,,,,,,,,,,,,,,,,,,,,,,,,
,,,,,,,,,,,,,,,,,,,,,,,,,,,,,,,,,,,,,,,,,,,,,,,,,,,,,,,,,,,,,,,,,,,
,,,,,,,,,,,,,,,,,,,,,,,,,,,,,,,,,,,,,,,,,,,,,,,,,,,,,,,,,,,,,,,,,,,
,,,,,,,,,,,,,,,,,,,,,,,,,,,,,,,,,,,,,,,,,,,,,,,,,,,,,,,,,,,,,,,,,,,
,,,,,,,,,,,,,,,,,,,,,,,,,,,,,,,,,,,,,,,,,,,,,,,,,,,,,,,,,,,,,,,,,,,
,,,,,,,,,,,,,,,,,,,,,,,,,,,,,,,,,,,,,,,,,,,,,,,,,,,,,,,,,,,,,,,,,,,
,,,,,,,,,,,,,,,,,,,,,,,,,,,,,,,,,,,,,,,,,,,,,,,,,,,,,,,,,,,,,,,,,,,
,,,,,,,,,,,,,,,,,,,,,,,,,,,,,,,,,,,,,,,,,,,,,,,,,,,,,,,,,,,,,,,,,,,
,,,,,,,,,,,,,,,,,,,,,,,,,,,,,,,,,,,,,,,,,,,,,,,,,,,,,,,,,,,,,,,,,,,
,,,,,,,,,,,,,,,,,,,,,,,,,,,,,,,,,,,,,,,,,,,,,,,,,,,,,,,,,,,,,,,,,,,
,,,,,,,,,,,,,,,,,,,,,,,,,,,,,,,,,,,,,,,,,,,,,,,,,,,,,,,,,,,,,,,,,,,
,,,,,,,,,,,,,,,,,,,,,,,,,,,,,,,,,,,,,,,,,,,,,,,,,,,,,,,,,,,,,,,,,,,
,,,,,,,,,,,,,,,,,,,,,,,,,,,,,,,,,,,,,,,,,,,,,,,,,,,,,,,,,,,,,,,,,,,
,,,,,,,,,,,,,,,,,,,,,,,,,,,,,,,,,,,,,,,,,,,,,,,,,,,,,,,,,,,,,,,,,,,
,,,,,,,,,,,,,,,,,,,,,,,,,,,,,,,,,,,,,,,,,,,,,,,,,,,,,,,,,,,,,,,,,,,
,,,,,,,,,,,,,,,,,,,,,,,,,,,,,,,,,,,,,,,,,,,,,,,,,,,,,,,,,,,,,,,,,,,
,,,,,,,,,,,,,,,,,,,,,,,,,,,,,,,,,,,,,,,,,,,,,,,,,,,,,,,,,,,,,,,,,,,
,,,,,,,,,,,,,,,,,,,,,,,,,,,,,,,,,,,,,,,,,,,,,,,,,,,,,,,,,,,,,,,,,,,
,,,,,,,,,,,,,,,,,,,,,,,,,,,,,,,,,,,,,,,,,,,,,,,,,,,,,,,,,,,,,,,,,,,
,,,,,,,,,,,,,,,,,,,,,,,,,,,,,,,,,,,,,,,,,,,,,,,,,,,,,,,,,,,,,,,,,,,
,,,,,,,,,,,,,,,,,,,,,,,,,,,,,,,,,,,,,,,,,,,,,,,,,,,,,,,,,,,,,,,,,,,
,,,,,,,,,,,,,,,,,,,,,,,,,,,,,,,,,,,,,,,,,,,,,,,,,,,,,,,,,,,,,,,,,,,
,,,,,,,,,,,,,,,,,,,,,,,,,,,,,,,,,,,,,,,,,,,,,,,,,,,,,,,,,,,,,,,,,,,
,,,,,,,,,,,,,,,,,,,,,,,,,,,,,,,,,,,,,,,,,,,,,,,,,,,,,,,,,,,,,,,,,,,
,,,,,,,,,,,,,,,,,,,,,,,,,,,,,,,,,,,,,,,,,,,,,,,,,,,,,,,,,,,,,,,,,,,
,,,,,,,,,,,,,,,,,,,,,,,,,,,,,,,,,,,,,,,,,,,,,,,,,,,,,,,,,,,,,,,,,,,
,,,,,,,,,,,,,,,,,,,,,,,,,,,,,,,,,,,,,,,,,,,,,,,,,,,,,,,,,,,,,,,,,,,
,,,,,,,,,,,,,,,,,,,,,,,,,,,,,,,,,,,,,,,,,,,,,,,,,,,,,,,,,,,,,,,,,,,
,,,,,,,,,,,,,,,,,,,,,,,,,,,,,,,,,,,,,,,,,,,,,,,,,,,,,,,,,,,,,,,,,,,
,,,,,,,,,,,,,,,,,,,,,,,,,,,,,,,,,,,,,,,,,,,,,,,,,,,,,,,,,,,,,,,,,,,
,,,,,,,,,,,,,,,,,,,,,,,,,,,,,,,,,,,,,,,,,,,,,,,,,,,,,,,,,,,,,,,,,,,
,,,,,,,,,,,,,,,,,,,,,,,,,,,,,,,,,,,,,,,,,,,,,,,,,,,,,,,,,,,,,,,,,,,
,,,,,,,,,,,,,,,,,,,,,,,,,,,,,,,,,,,,,,,,,,,,,,,,,,,,,,,,,,,,,,,,,,,
,,,,,,,,,,,,,,,,,,,,,,,,,,,,,,,,,,,,,,,,,,,,,,,,,,,,,,,,,,,,,,,,,,,
,,,,,,,,,,,,,,,,,,,,,,,,,,,,,,,,,,,,,,,,,,,,,,,,,,,,,,,,,,,,,,,,,,,
,,,,,,,,,,,,,,,,,,,,,,,,,,,,,,,,,,,,,,,,,,,,,,,,,,,,,,,,,,,,,,,,,,,
,,,,,,,,,,,,,,,,,,,,,,,,,,,,,,,,,,,,,,,,,,,,,,,,,,,,,,,,,,,,,,,,,,,
,,,,,,,,,,,,,,,,,,,,,,,,,,,,,,,,,,,,,,,,,,,,,,,,,,,,,,,,,,,,,,,,,,,
,,,,,,,,,,,,,,,,,,,,,,,,,,,,,,,,,,,,,,,,,,,,,,,,,,,,,,,,,,,,,,,,,,,
,,,,,,,,,,,,,,,,,,,,,,,,,,,,,,,,,,,,,,,,,,,,,,,,,,,,,,,,,,,,,,,,,,,
,,,,,,,,,,,,,,,,,,,,,,,,,,,,,,,,,,,,,,,,,,,,,,,,,,,,,,,,,,,,,,,,,,,
,,,,,,,,,,,,,,,,,,,,,,,,,,,,,,,,,,,,,,,,,,,,,,,,,,,,,,,,,,,,,,,,,,,
,,,,,,,,,,,,,,,,,,,,,,,,,,,,,,,,,,,,,,,,,,,,,,,,,,,,,,,,,,,,,,,,,,,
,,,,,,,,,,,,,,,,,,,,,,,,,,,,,,,,,,,,,,,,,,,,,,,,,,,,,,,,,,,,,,,,,,,
,,,,,,,,,,,,,,,,,,,,,,,,,,,,,,,,,,,,,,,,,,,,,,,,,,,,,,,,,,,,,,,,,,,
,,,,,,,,,,,,,,,,,,,,,,,,,,,,,,,,,,,,,,,,,,,,,,,,,,,,,,,,,,,,,,,,,,,
,,,,,,,,,,,,,,,,,,,,,,,,,,,,,,,,,,,,,,,,,,,,,,,,,,,,,,,,,,,,,,,,,,,
,,,,,,,,,,,,,,,,,,,,,,,,,,,,,,,,,,,,,,,,,,,,,,,,,,,,,,,,,,,,,,,,,,,
,,,,,,,,,,,,,,,,,,,,,,,,,,,,,,,,,,,,,,,,,,,,,,,,,,,,,,,,,,,,,,,,,,,
,,,,,,,,,,,,,,,,,,,,,,,,,,,,,,,,,,,,,,,,,,,,,,,,,,,,,,,,,,,,,,,,,,,
,,,,,,,,,,,,,,,,,,,,,,,,,,,,,,,,,,,,,,,,,,,,,,,,,,,,,,,,,,,,,,,,,,,
,,,,,,,,,,,,,,,,,,,,,,,,,,,,,,,,,,,,,,,,,,,,,,,,,,,,,,,,,,,,,,,,,,,
,,,,,,,,,,,,,,,,,,,,,,,,,,,,,,,,,,,,,,,,,,,,,,,,,,,,,,,,,,,,,,,,,,,
,,,,,,,,,,,,,,,,,,,,,,,,,,,,,,,,,,,,,,,,,,,,,,,,,,,,,,,,,,,,,,,,,,,
,,,,,,,,,,,,,,,,,,,,,,,,,,,,,,,,,,,,,,,,,,,,,,,,,,,,,,,,,,,,,,,,,,,
,,,,,,,,,,,,,,,,,,,,,,,,,,,,,,,,,,,,,,,,,,,,,,,,,,,,,,,,,,,,,,,,,,,
,,,,,,,,,,,,,,,,,,,,,,,,,,,,,,,,,,,,,,,,,,,,,,,,,,,,,,,,,,,,,,,,,,,
,,,,,,,,,,,,,,,,,,,,,,,,,,,,,,,,,,,,,,,,,,,,,,,,,,,,,,,,,,,,,,,,,,,
,,,,,,,,,,,,,,,,,,,,,,,,,,,,,,,,,,,,,,,,,,,,,,,,,,,,,,,,,,,,,,,,,,,
,,,,,,,,,,,,,,,,,,,,,,,,,,,,,,,,,,,,,,,,,,,,,,,,,,,,,,,,,,,,,,,,,,,
,,,,,,,,,,,,,,,,,,,,,,,,,,,,,,,,,,,,,,,,,,,,,,,,,,,,,,,,,,,,,,,,,,,
,,,,,,,,,,,,,,,,,,,,,,,,,,,,,,,,,,,,,,,,,,,,,,,,,,,,,,,,,,,,,,,,,,,
,,,,,,,,,,,,,,,,,,,,,,,,,,,,,,,,,,,,,,,,,,,,,,,,,,,,,,,,,,,,,,,,,,,
,,,,,,,,,,,,,,,,,,,,,,,,,,,,,,,,,,,,,,,,,,,,,,,,,,,,,,,,,,,,,,,,,,,
,,,,,,,,,,,,,,,,,,,,,,,,,,,,,,,,,,,,,,,,,,,,,,,,,,,,,,,,,,,,,,,,,,,
,,,,,,,,,,,,,,,,,,,,,,,,,,,,,,,,,,,,,,,,,,,,,,,,,,,,,,,,,,,,,,,,,,,
,,,,,,,,,,,,,,,,,,,,,,,,,,,,,,,,,,,,,,,,,,,,,,,,,,,,,,,,,,,,,,,,,,,
,,,,,,,,,,,,,,,,,,,,,,,,,,,,,,,,,,,,,,,,,,,,,,,,,,,,,,,,,,,,,,,,,,,
,,,,,,,,,,,,,,,,,,,,,,,,,,,,,,,,,,,,,,,,,,,,,,,,,,,,,,,,,,,,,,,,,,,
,,,,,,,,,,,,,,,,,,,,,,,,,,,,,,,,,,,,,,,,,,,,,,,,,,,,,,,,,,,,,,,,,,,
,,,,,,,,,,,,,,,,,,,,,,,,,,,,,,,,,,,,,,,,,,,,,,,,,,,,,,,,,,,,,,,,,,,
,,,,,,,,,,,,,,,,,,,,,,,,,,,,,,,,,,,,,,,,,,,,,,,,,,,,,,,,,,,,,,,,,,,
,,,,,,,,,,,,,,,,,,,,,,,,,,,,,,,,,,,,,,,,,,,,,,,,,,,,,,,,,,,,,,,,,,,
,,,,,,,,,,,,,,,,,,,,,,,,,,,,,,,,,,,,,,,,,,,,,,,,,,,,,,,,,,,,,,,,,,,
,,,,,,,,,,,,,,,,,,,,,,,,,,,,,,,,,,,,,,,,,,,,,,,,,,,,,,,,,,,,,,,,,,,
,,,,,,,,,,,,,,,,,,,,,,,,,,,,,,,,,,,,,,,,,,,,,,,,,,,,,,,,,,,,,,,,,,,
,,,,,,,,,,,,,,,,,,,,,,,,,,,,,,,,,,,,,,,,,,,,,,,,,,,,,,,,,,,,,,,,,,,
,,,,,,,,,,,,,,,,,,,,,,,,,,,,,,,,,,,,,,,,,,,,,,,,,,,,,,,,,,,,,,,,,,,
,,,,,,,,,,,,,,,,,,,,,,,,,,,,,,,,,,,,,,,,,,,,,,,,,,,,,,,,,,,,,,,,,,,
,,,,,,,,,,,,,,,,,,,,,,,,,,,,,,,,,,,,,,,,,,,,,,,,,,,,,,,,,,,,,,,,,,,
,,,,,,,,,,,,,,,,,,,,,,,,,,,,,,,,,,,,,,,,,,,,,,,,,,,,,,,,,,,,,,,,,,,
,,,,,,,,,,,,,,,,,,,,,,,,,,,,,,,,,,,,,,,,,,,,,,,,,,,,,,,,,,,,,,,,,,,
,,,,,,,,,,,,,,,,,,,,,,,,,,,,,,,,,,,,,,,,,,,,,,,,,,,,,,,,,,,,,,,,,,,
,,,,,,,,,,,,,,,,,,,,,,,,,,,,,,,,,,,,,,,,,,,,,,,,,,,,,,,,,,,,,,,,,,,
,,,,,,,,,,,,,,,,,,,,,,,,,,,,,,,,,,,,,,,,,,,,,,,,,,,,,,,,,,,,,,,,,,,
,,,,,,,,,,,,,,,,,,,,,,,,,,,,,,,,,,,,,,,,,,,,,,,,,,,,,,,,,,,,,,,,,,,
,,,,,,,,,,,,,,,,,,,,,,,,,,,,,,,,,,,,,,,,,,,,,,,,,,,,,,,,,,,,,,,,,,,
,,,,,,,,,,,,,,,,,,,,,,,,,,,,,,,,,,,,,,,,,,,,,,,,,,,,,,,,,,,,,,,,,,,
,,,,,,,,,,,,,,,,,,,,,,,,,,,,,,,,,,,,,,,,,,,,,,,,,,,,,,,,,,,,,,,,,,,
,,,,,,,,,,,,,,,,,,,,,,,,,,,,,,,,,,,,,,,,,,,,,,,,,,,,,,,,,,,,,,,,,,,
,,,,,,,,,,,,,,,,,,,,,,,,,,,,,,,,,,,,,,,,,,,,,,,,,,,,,,,,,,,,,,,,,,,
,,,,,,,,,,,,,,,,,,,,,,,,,,,,,,,,,,,,,,,,,,,,,,,,,,,,,,,,,,,,,,,,,,,
,,,,,,,,,,,,,,,,,,,,,,,,,,,,,,,,,,,,,,,,,,,,,,,,,,,,,,,,,,,,,,,,,,,
,,,,,,,,,,,,,,,,,,,,,,,,,,,,,,,,,,,,,,,,,,,,,,,,,,,,,,,,,,,,,,,,,,,
,,,,,,,,,,,,,,,,,,,,,,,,,,,,,,,,,,,,,,,,,,,,,,,,,,,,,,,,,,,,,,,,,,,
,,,,,,,,,,,,,,,,,,,,,,,,,,,,,,,,,,,,,,,,,,,,,,,,,,,,,,,,,,,,,,,,,,,
,,,,,,,,,,,,,,,,,,,,,,,,,,,,,,,,,,,,,,,,,,,,,,,,,,,,,,,,,,,,,,,,,,,
,,,,,,,,,,,,,,,,,,,,,,,,,,,,,,,,,,,,,,,,,,,,,,,,,,,,,,,,,,,,,,,,,,,
,,,,,,,,,,,,,,,,,,,,,,,,,,,,,,,,,,,,,,,,,,,,,,,,,,,,,,,,,,,,,,,,,,,
,,,,,,,,,,,,,,,,,,,,,,,,,,,,,,,,,,,,,,,,,,,,,,,,,,,,,,,,,,,,,,,,,,,
,,,,,,,,,,,,,,,,,,,,,,,,,,,,,,,,,,,,,,,,,,,,,,,,,,,,,,,,,,,,,,,,,,,
,,,,,,,,,,,,,,,,,,,,,,,,,,,,,,,,,,,,,,,,,,,,,,,,,,,,,,,,,,,,,,,,,,,
,,,,,,,,,,,,,,,,,,,,,,,,,,,,,,,,,,,,,,,,,,,,,,,,,,,,,,,,,,,,,,,,,,,
,,,,,,,,,,,,,,,,,,,,,,,,,,,,,,,,,,,,,,,,,,,,,,,,,,,,,,,,,,,,,,,,,,,
,,,,,,,,,,,,,,,,,,,,,,,,,,,,,,,,,,,,,,,,,,,,,,,,,,,,,,,,,,,,,,,,,,,
,,,,,,,,,,,,,,,,,,,,,,,,,,,,,,,,,,,,,,,,,,,,,,,,,,,,,,,,,,,,,,,,,,,
,,,,,,,,,,,,,,,,,,,,,,,,,,,,,,,,,,,,,,,,,,,,,,,,,,,,,,,,,,,,,,,,,,,
,,,,,,,,,,,,,,,,,,,,,,,,,,,,,,,,,,,,,,,,,,,,,,,,,,,,,,,,,,,,,,,,,,,
,,,,,,,,,,,,,,,,,,,,,,,,,,,,,,,,,,,,,,,,,,,,,,,,,,,,,,,,,,,,,,,,,,,
,,,,,,,,,,,,,,,,,,,,,,,,,,,,,,,,,,,,,,,,,,,,,,,,,,,,,,,,,,,,,,,,,,,
,,,,,,,,,,,,,,,,,,,,,,,,,,,,,,,,,,,,,,,,,,,,,,,,,,,,,,,,,,,,,,,,,,,
,,,,,,,,,,,,,,,,,,,,,,,,,,,,,,,,,,,,,,,,,,,,,,,,,,,,,,,,,,,,,,,,,,,
,,,,,,,,,,,,,,,,,,,,,,,,,,,,,,,,,,,,,,,,,,,,,,,,,,,,,,,,,,,,,,,,,,,
,,,,,,,,,,,,,,,,,,,,,,,,,,,,,,,,,,,,,,,,,,,,,,,,,,,,,,,,,,,,,,,,,,,
179,Hops,Primary,Plant,Beverage Crop,Hop Cone,1,oz,,,Fresh / dried,,,,Yes,Yes,,,,,,,,,,,rhizome or rooted cutting,perennial climbing bine,Vine / Bine,Yes,pick mature cones; dry for storage,Brewing,grow-car trellis,Uncommon,Temperate,Beverage / brewing,,,,15,4,4,15.00,1,Trellis,2.00,25%,rhizome / rooted cutting,1095,365,,365,,30,0,"bitter, floral, citrus, resinous",Temperate perennial climbing bine; requires a tall trellis and seasonal dormancy.,Requires tall trellis; perennial crown can regrow after dormancy.,First season is establishment; meaningful cone harvest begins after one complete growing season. Full production typically arrives in the second or third growing season; 3 years is the conservative full-maturity baseline.,"OSU_HOPS,PSU_HOPS,MSU_HOPS",https://extension.oregonstate.edu/es/catalog/em-9115-growing-hops-home-garden | https://extension.psu.edu/growing-hops-at-home | https://www.canr.msu.edu/news/msu-research-examining-ways-to-control-destructive-hop-diseases,https://extension.oregonstate.edu/es/catalog/em-9115-growing-hops-home-garden | https://extension.psu.edu/growing-hops-at-home | https://www.canr.msu.edu/news/msu-research-examining-ways-to-control-destructive-hop-diseases,Continues,,,,,